,title,description,link,published
0,‡πÄ‡∏Ñ‡∏£‡∏µ‡∏¢‡∏î‡∏°‡∏≤‡∏Å‡πÄ‡∏Å‡∏¥‡∏ô‡πÑ‡∏õ‡∏Å‡∏±‡∏ö‡πÄ‡∏£‡∏∑‡πà‡∏≠‡∏á‡πÄ‡∏£‡∏µ‡∏¢‡∏ô‡∏ó‡∏≥‡∏¢‡∏±‡∏á‡πÑ‡∏á‡∏î‡∏µ,‡πÄ‡∏£‡∏∑‡πà‡∏≠‡∏á‡∏Å‡πá‡∏Ñ‡∏∑‡∏≠‡πÄ‡∏£‡∏≤‡πÄ‡∏õ‡πá‡∏ô‡∏Ñ‡∏ô‡∏ã‡∏µ‡πÄ‡∏£‡∏µ‡∏¢‡∏™‡∏Å‡∏±‡∏ö‡πÄ‡∏£‡∏∑‡πà‡∏≠‡∏á‡πÄ‡∏£‡∏µ‡∏¢‡∏ô‡∏°‡∏≤‡∏Å‡πÅ‡∏Ñ‡πà‡∏Ñ‡∏∞‡πÅ‡∏ô‡∏ô‡∏™‡∏≠‡∏á‡∏Ñ‡∏∞‡πÅ‡∏ô‡∏ô‡∏Å‡πá‡πÄ‡∏ü‡∏•‡πÅ‡∏ö‡∏ö‡∏™‡∏∏‡∏î ‡πÜ ‡∏•‡πà‡∏≤‡∏™‡∏∏‡∏î‡∏Ñ‡∏∑‡∏≠‡∏á‡∏≤‡∏ô‡πÄ‡∏ï‡πá‡∏° 20 ‡πÄ‡∏£‡∏≤‡πÑ‡∏î‡πâ 14 ‡∏Ñ‡∏∑‡∏≠‡∏°‡∏±‡∏ô‡∏Å‡πá‡πÑ‡∏°‡πà‡πÑ‡∏î‡πâ‡∏ô‡πâ‡∏≠‡∏¢‡∏Ç‡∏ô‡∏≤‡∏î‡∏ô‡∏±‡πâ‡∏ô‡∏£‡∏π‡πâ‡∏≠‡∏¢‡∏π‡πà‡πÅ‡∏Å‡πà‡πÉ‡∏à ‡πÅ‡∏ï‡πà‡πÄ‡∏£‡∏≤‡∏≠‡∏≤‡∏à‡∏à‡∏∞‡∏Ñ‡∏≤‡∏î‡∏´‡∏ß‡∏±‡∏á‡πÉ‡∏ô‡∏ï‡∏±‡∏ß‡πÄ‡∏≠‡∏á‡∏°‡∏≤‡∏Å‡πÑ‡∏õ‡∏ö‡∏ß‡∏Å‡∏Å‡∏±‡∏ö‡∏ä‡πà‡∏ß‡∏á‡∏ô‡∏µ‡πâ‡∏£‡∏π‡πâ‡∏™‡∏∂‡∏Å‡πÄ‡∏Ñ‡∏£‡∏µ‡∏¢‡∏î‡πÄ,https://pantip.com/topic/40522092,"Mon, 15 Feb 2021 14:34:00 +0700"
1,‡∏Å‡∏≤‡∏£‡∏Å‡∏π‡πâ‡∏Ç‡πâ‡∏≠‡∏°‡∏π‡∏•‡πÉ‡∏ô harddisk ‡∏ó‡∏≤‡∏á‡∏£‡πâ‡∏≤‡∏ô‡∏£‡∏±‡∏ö‡∏Å‡∏π‡πâ‡∏°‡∏µ‡∏™‡∏¥‡∏ó‡∏ò‡∏¥‡πå‡πÄ‡∏´‡πá‡∏ô‡∏Ç‡πâ‡∏≠‡∏°‡∏π‡∏•‡∏•‡∏π‡∏Å‡∏Ñ‡πâ‡∏≤‡πÉ‡∏ô‡∏£‡∏∞‡∏´‡∏ß‡πà‡∏≤‡∏á‡∏Ç‡∏±‡πâ‡∏ô‡∏ï‡∏≠‡∏ô‡∏Å‡∏≤‡∏£‡∏Å‡∏π‡πâ‡∏°‡∏±‡πâ‡∏¢‡∏Ñ‡∏£‡∏±‡∏ö,‡∏Ç‡∏≠‡∏™‡∏≠‡∏ö‡∏ñ‡∏≤‡∏°‡∏ú‡∏π‡πâ‡∏£‡∏π‡πâ‡∏Ñ‡∏£‡∏±‡∏ö ‡∏≠‡∏±‡∏ô‡∏ô‡∏µ‡πâ‡∏ú‡∏°‡πÑ‡∏°‡πà‡∏ó‡∏£‡∏≤‡∏ö‡∏à‡∏£‡∏¥‡∏á‡πÜ ‡πÄ‡∏õ‡πá‡∏ô‡∏Ñ‡∏≠‡∏°‡∏Ç‡∏≠‡∏á‡πÄ‡∏û‡∏∑‡πà‡∏≠‡∏ô ‡πÅ‡∏ï‡πà‡πÄ‡∏û‡∏∑‡πà‡∏≠‡∏ô‡∏ö‡∏≠‡∏Å‡∏ß‡πà‡∏≤ ‡πÉ‡∏ô‡∏Æ‡∏≤‡∏£‡πå‡∏î‡∏î‡∏¥‡∏™‡∏•‡∏π‡∏Å‡πÄ‡∏Å‡πà‡∏≤‡∏ó‡∏µ‡πà‡πÇ‡∏î‡∏ô‡∏•‡∏á windows ‡∏ó‡∏±‡∏ö‡πÑ‡∏õ‡∏°‡∏µ‡∏Ç‡πâ‡∏≠‡∏°‡∏π‡∏•‡πÉ‡∏ô drive D ‡∏ó‡∏µ‡πà‡πÄ‡∏õ‡πá‡∏ô‡∏Ç‡πâ‡∏≠‡∏°‡∏π‡∏•‡∏™‡πà‡∏ß‡∏ô‡∏ï‡∏±‡∏ß‡∏ó‡∏µ‡πà‡πÑ‡∏°‡πà‡∏≠‡∏¢‡∏≤‡∏Å‡πÉ‡∏´‡πâ‡πÄ‡∏´‡πá‡∏ô ‡πÅ‡∏ï‡πà‡∏ó‡∏≤‡∏á‡∏£‡πâ‡∏≤‡∏ô‡πÑ‡∏î‡πâ‡∏ó‡∏≥‡∏Å‡∏≤‡∏£‡∏Å‡∏π‡πâ‡∏≠‡∏≠‡∏Å‡∏°‡∏≤‡πÅ‡∏•‡πâ‡∏ß‡πÅ,https://pantip.com/topic/40522091,"Mon, 15 Feb 2021 14:33:47 +0700"
2,‡∏´‡∏≤‡∏™‡∏ß‡∏¥‡∏á‡∏≠‡∏≤‡∏£‡πå‡∏°‡πÅ‡∏ï‡πà‡∏á‡πÉ‡∏™‡πà‡∏£‡∏ñ honda supercub c110 2018,‡∏´‡∏≤‡∏™‡∏ß‡∏¥‡∏á‡∏≠‡∏≤‡∏£‡πå‡∏°‡πÑ‡∏°‡πà‡∏¢‡∏∑‡∏î‡∏ó‡∏ô‡πÜ‡∏¢‡∏µ‡πà‡∏´‡πâ‡∏≠‡∏î‡∏µ‡πÜ‡πÉ‡∏™‡πàhonda supercub c110 2018 ‡∏Å‡∏∞‡∏à‡∏∞‡∏•‡∏≠‡∏á‡∏ã‡∏∑‡πâ‡∏≠‡∏Ç‡∏≠‡∏á‡∏≠‡∏≤‡∏£‡πå‡∏° ‡∏°‡∏¥‡πÄ‡∏ô‡∏µ‡∏¢‡∏°‡∏Ç‡∏≠‡∏á nui racing project ‡∏°‡∏≤‡πÉ‡∏™‡πà‡πÅ‡∏ï‡πà‡∏Å‡πá‡∏Å‡∏•‡∏±‡∏ß‡∏°‡∏±‡∏ô‡∏à‡∏∞‡πÄ‡∏ö‡∏≤‡∏≠‡∏¢‡πà‡∏≤‡∏á‡πÄ‡∏î‡∏µ‡∏¢‡∏ß‡πÅ‡∏ï‡πà‡πÑ‡∏°‡πà‡∏ó‡∏ô ‡∏≠‡∏¢‡∏≤‡∏Å‡πÉ‡∏î‡πâ‡∏™‡∏ß‡∏¥‡∏á‡∏≠‡∏≤‡∏£‡πå‡∏°‡∏ó‡∏µ‡πà‡∏ó‡∏ô‡πÄ‡∏ó‡πà‡∏≤‡∏Ç‡∏≠‡∏á‡πÄ‡∏î‡∏¥‡∏°‡πÇ‡∏£‡∏á‡∏á‡∏≤‡∏ô‡πÅ‡∏ï‡πà‡∏ô‡πâ‡∏≥‡∏´‡∏ô‡∏±‡∏Å‡πÄ‡∏ö‡∏≤‡∏´,https://pantip.com/topic/40522137,"Mon, 15 Feb 2021 14:52:57 +0700"
3,‡∏´‡∏≤‡∏™‡∏ß‡∏¥‡∏á‡∏≠‡∏≤‡∏£‡πå‡∏°‡πÅ‡∏ï‡πà‡∏á‡πÉ‡∏™‡πà‡∏£‡∏ñ honda supercub c110 ‡∏õ‡∏µ2018,‡∏´‡∏≤‡∏™‡∏ß‡∏¥‡∏á‡∏≠‡∏≤‡∏£‡πå‡∏°‡πÑ‡∏°‡πà‡∏¢‡∏∑‡∏î‡∏ó‡∏ô‡πÜ‡∏¢‡∏µ‡πà‡∏´‡πâ‡∏≠‡∏î‡∏µ‡πÜ‡πÉ‡∏™‡πàhonda supercub c110 ‡∏õ‡∏µ2018 ‡∏Å‡∏∞‡∏à‡∏∞‡∏•‡∏≠‡∏á‡∏ã‡∏∑‡πâ‡∏≠‡∏Ç‡∏≠‡∏á‡∏≠‡∏≤‡∏£‡πå‡∏° ‡∏°‡∏¥‡πÄ‡∏ô‡∏µ‡∏¢‡∏°‡∏Ç‡∏≠‡∏á nui racing project ‡∏°‡∏≤‡πÉ‡∏™‡πà‡πÅ‡∏ï‡πà‡∏Å‡πá‡∏Å‡∏•‡∏±‡∏ß‡∏°‡∏±‡∏ô‡∏à‡∏∞‡πÄ‡∏ö‡∏≤‡∏≠‡∏¢‡πà‡∏≤‡∏á‡πÄ‡∏î‡∏µ‡∏¢‡∏ß‡πÅ‡∏ï‡πà‡πÑ‡∏°‡πà‡∏ó‡∏ô ‡∏≠‡∏¢‡∏≤‡∏Å‡πÉ‡∏î‡πâ‡∏™‡∏ß‡∏¥‡∏á‡∏≠‡∏≤‡∏£‡πå‡∏°‡∏ó‡∏µ‡πà‡∏ó‡∏ô‡πÄ‡∏ó‡πà‡∏≤‡∏Ç‡∏≠‡∏á‡πÄ‡∏î‡∏¥‡∏°‡πÇ‡∏£‡∏á‡∏á‡∏≤‡∏ô‡πÅ‡∏ï‡πà‡∏ô‡πâ‡∏≥‡∏´‡∏ô‡∏±‡∏Å‡πÄ‡∏ö,https://pantip.com/topic/40522137,"Mon, 15 Feb 2021 14:52:57 +0700"
4,‡∏Ç‡∏≠‡∏™‡∏≠‡∏ö‡∏ñ‡∏≤‡∏°‡∏´‡∏ô‡πà‡∏≠‡∏¢‡∏Ñ‡πà‡∏∞‡πÄ‡∏£‡∏≤‡πÄ‡∏õ‡πá‡∏ô‡∏™‡∏°‡∏≤‡∏ä‡∏¥‡∏Å‡∏Å‡∏™‡∏¥‡∏Å‡∏£‡∏≠‡∏¢‡∏∏‡πà‡πÅ‡∏ï‡πà‡∏ó‡∏≥‡πÑ‡∏°‡πà‡πÄ‡∏õ‡∏¥‡∏î‡∏ö‡∏±‡∏ô‡∏ä‡∏µ‡∏•‡∏≤‡∏¢‡∏ö‡∏µ‡πÄ‡∏Ñ‡πÑ??‡∏ï‡πâ‡∏≠‡∏á‡∏ó‡∏≥‡∏¢‡∏±‡∏á‡πÑ‡∏á‡∏Ñ‡πà‡∏∞‡∏ä‡πà‡∏ß‡∏¢‡πÅ‡∏ô‡∏∞‡∏ô‡∏≥‡∏´‡∏ô‡πà‡∏≠‡∏¢‡∏Ñ‡πà‡∏∞,,https://pantip.com/topic/40522096,"Mon, 15 Feb 2021 14:35:23 +0700"
5,‡∏à‡∏∞‡∏ï‡πâ‡∏≠‡∏á‡∏ó‡∏≥‡∏¢‡∏±‡∏á‡πÑ‡∏á‡∏î‡∏µ,‡πÄ‡∏£‡∏≤‡∏°‡∏µ‡πÅ‡∏ü‡∏ô‡∏≠‡∏¢‡∏π‡πà‡πÑ‡∏Å‡∏•‡πÅ‡∏ï‡πà‡∏Å‡πà‡∏≠‡∏ô‡πÄ‡∏£‡∏≤‡∏≠‡∏¢‡∏π‡πà‡∏î‡πâ‡∏ß‡∏¢‡∏Å‡∏±‡∏ô‡∏ô‡∏∞ ‡πÅ‡∏•‡πâ‡∏ß‡πÄ‡∏£‡∏≤‡∏ï‡πâ‡∏≠‡∏á‡∏°‡∏≤‡πÄ‡∏£‡∏µ‡∏¢‡∏ô‡∏ó‡∏µ‡πà‡πÑ‡∏Å‡∏•‡πÄ‡∏•‡∏¢‡∏ó‡∏≥‡πÉ‡∏´‡πâ‡πÄ‡∏£‡∏≤‡∏´‡πà‡∏≤‡∏á‡∏Å‡∏±‡∏ô ‡πÅ‡∏ï‡πà‡πÑ‡∏°‡πà‡∏ô‡∏≤‡∏ô‡πÄ‡∏£‡∏≤‡∏Å‡πá‡πÅ‡∏≠‡∏ö‡∏à‡∏∞‡∏°‡∏µ‡πÉ‡∏à‡πÉ‡∏´‡πâ‡∏Ñ‡∏ô‡∏≠‡∏∑‡πà‡∏ô ‡∏Ñ‡∏£‡∏±‡πâ‡∏á‡∏ô‡∏µ‡πâ‡∏´‡∏ô‡∏±‡∏Å‡∏ó‡∏µ‡πà‡∏™‡∏∏‡∏î‡πÄ‡∏û‡∏£‡∏≤‡∏∞‡∏≠‡∏¢‡∏π‡πà‡∏î‡πâ‡∏ß‡∏¢‡∏Å‡∏±‡∏ô‡πÄ‡∏£‡∏≤‡πÅ‡∏Ñ‡πà‡πÑ‡∏õ‡∏Ñ‡∏∏‡∏¢‡∏Å‡∏±‡∏ö‡∏Ñ‡∏ô‡∏≠‡∏∑‡πà‡∏ô‡πÅ‡∏ï‡πà‡πÅ‡∏ü‡∏ô‡πÄ‡∏£‡∏≤‡∏à‡∏±‡∏ö‡πÑ‡∏î‡πâ‡∏ï‡∏•‡∏≠‡∏î ‡πÅ‡∏ï‡πà‡∏ï‡∏≠‡∏ô‡∏ô‡∏µ‡πâ‡πÄ‡∏£,https://pantip.com/topic/40522095,"Mon, 15 Feb 2021 14:34:46 +0700"
6,‡∏ó‡∏∞‡πÄ‡∏•‡∏•‡∏ß‡∏á ‡∏Ñ‡∏∑‡∏ô‡∏ô‡∏µ‡πâ‡πÄ‡πÄ‡∏û‡πá‡∏Ñ‡∏Å‡∏£‡∏∞‡πÄ‡∏õ‡πã‡∏≤‡πÑ‡∏õ‡∏á‡∏≤‡∏ô‡πÅ‡∏ï‡πà‡∏á‡∏ó‡∏µ‡πà‡πÄ‡∏Å‡∏≤‡∏∞‡∏ô‡∏±‡∏ö‡∏î‡∏≤‡∏ß‡∏Å‡∏±‡∏ô‡∏î‡∏µ‡∏Å‡∏ß‡πà‡∏≤,CR: FB.Ch7HD Drama Society,https://pantip.com/topic/40522094,"Mon, 15 Feb 2021 14:34:24 +0700"
7,‡∏ö‡∏≠‡∏Å‡∏Ñ‡∏ß‡∏≤‡∏°‡∏´‡∏°‡∏≤‡∏ô‡∏Ç‡∏≠‡∏á ‡πÑ‡∏ö‡∏≠‡∏≠‡∏™  ‡∏´‡∏ô‡πà‡∏≠‡∏¢‡∏Ñ‡πà‡∏∞üôèüôè,‡∏û‡∏ß‡∏Å product information Standard cmos features ‡πÅ‡∏ö‡∏ö‡∏ô‡∏µ‡πâ‡∏≠‡πà‡∏∞‡∏Ñ‡πà‡∏∞ ‡∏°‡∏µ12‡∏ï‡∏±‡∏ß ‡∏´‡∏ô‡πâ‡∏≤‡∏ó‡∏µ‡πà‡∏Ñ‡∏∑‡∏≠‡∏≠‡∏∞‡πÑ‡∏£‡∏Ñ‡∏∞ ‡∏ó‡∏±‡πâ‡∏á12‡∏ï‡∏±‡∏ß‡πÄ‡∏•‡∏¢,https://pantip.com/topic/40522093,"Mon, 15 Feb 2021 14:34:07 +0700"
8,‡∏Ç‡∏≠‡∏Ç‡πâ‡∏≠‡∏°‡∏π‡∏• ‡∏õ.‡πÇ‡∏ó ‡∏°‡∏ò  ‡∏™‡∏ñ‡∏¥‡∏ï‡∏¥,‡∏Ç‡∏≠‡∏Ç‡πâ‡∏≠‡∏°‡∏π‡∏• ‡∏õ.‡πÇ‡∏ó ‡∏°‡∏ò‡∏™‡∏ñ‡∏¥‡∏ï‡∏¥ ‡πÄ‡∏ä‡πà‡∏ô‡∏Ñ‡πà‡∏≤‡πÄ‡∏ó‡∏≠‡∏° ‡∏ï‡πâ‡∏≠‡∏á‡πÄ‡∏ï‡∏£‡∏µ‡∏¢‡∏°‡∏ï‡∏±‡∏ß‡∏¢‡∏±‡∏á‡πÑ‡∏á ‡πÄ‡∏Å‡∏£‡∏î ‡∏õ.‡∏ï‡∏£‡∏µ ‡∏à‡∏≥‡πÄ‡∏õ‡πá‡∏ô‡∏°‡∏±‡πâ‡∏¢ ‡πÄ‡∏£‡∏≤‡∏à‡∏ö‡∏ö‡∏£‡∏¥‡∏´‡∏≤‡∏£‡∏ò‡∏∏‡∏£‡∏Å‡∏¥‡∏à ‡∏õ.‡∏ï‡∏£‡∏µ‡∏≠‡∏¢‡∏≤‡∏Å‡∏ï‡πà‡∏≠ ‡∏õ.‡πÇ‡∏ó ‡∏°‡∏ò ‡∏™‡∏ñ‡∏¥‡∏ï‡∏¥‡∏≠‡∏¢‡∏≤‡∏Å‡πÑ‡∏î‡πâ‡∏Ñ‡∏≥‡πÅ‡∏ô‡∏∞‡∏ô‡∏≥‡πÉ‡∏ô‡∏Å‡∏≤‡∏£‡πÄ‡∏£‡∏µ‡∏¢‡∏ô‡∏ï‡πà‡∏≠ ‡∏Ñ‡πà‡∏≤‡∏≤‡∏≤‡∏≤,https://pantip.com/topic/40522146,"Mon, 15 Feb 2021 14:58:33 +0700"
9,‡πÄ‡∏ü‡∏≠‡∏°‡∏¥‡πÇ‡∏ô‡πà ‡∏Å‡∏±‡∏ö ‡∏ö‡∏£‡∏π‡πÇ‡∏ô‡πà ‡πÄ‡∏ü‡∏≠‡∏ô‡∏±‡∏ô‡πÄ‡∏î‡∏™(‡∏ñ‡πâ‡∏≤‡∏Ñ‡∏∏‡∏ì‡πÄ‡∏õ‡πá‡∏ô‡πÇ‡∏Ñ‡πâ‡∏ä ‡πÅ‡∏•‡πâ‡∏ß‡∏ó‡∏µ‡∏°‡∏Å‡∏≥‡∏•‡∏±‡∏á‡∏ï‡πâ‡∏≠‡∏á‡∏Å‡∏≤‡∏£‡∏õ‡∏£‡∏∞‡∏ï‡∏π ‡∏à‡∏∞‡∏™‡πà‡∏á‡∏ô‡∏±‡∏Å‡πÄ‡∏ï‡∏∞‡∏Ñ‡∏ô‡πÉ‡∏î‡∏•‡∏á‡∏°‡∏≤ ‡πÄ‡∏û‡∏∑‡πà‡∏≠‡∏™‡∏£‡πâ‡∏≤‡∏á‡∏™‡∏£‡∏£‡∏Ñ‡πå‡πÄ‡∏Å‡∏°‡πÅ‡∏•‡∏∞‡∏¢‡∏¥‡∏á‡∏õ‡∏£‡∏∞‡∏ï‡∏π),,https://pantip.com/topic/40522145,"Mon, 15 Feb 2021 14:58:33 +0700"
10,‡πÇ‡∏≠‡∏ô‡πÄ‡∏á‡∏¥‡∏ô‡∏à‡∏≤‡∏Å‡∏Å‡∏£‡∏∏‡∏á‡πÑ‡∏ó‡∏¢ ‡πÇ‡∏≠‡∏ô‡πÇ‡∏î‡∏¢‡∏û‡∏£‡πâ‡∏≠‡∏°‡πÄ‡∏û‡∏¢‡πå‡πÅ‡∏ï‡πà‡πÄ‡∏á‡∏¥‡∏ô‡πÑ‡∏°‡πà‡πÄ‡∏Ç‡πâ‡∏≤‡∏ò‡∏ô‡∏≤‡∏Ñ‡∏≤‡∏£ ‡∏Å‡∏™‡∏¥‡∏Å‡∏£‡∏ó‡∏µ‡πà‡πÄ‡∏õ‡πá‡∏ô‡∏õ‡∏•‡∏≤‡∏¢‡∏ó‡∏≤‡∏á,‡∏ß‡∏±‡∏ô‡∏ô‡∏µ‡πâ‡∏ú‡∏°‡πÑ‡∏î‡πâ‡πÇ‡∏≠‡∏ô‡πÄ‡∏á‡∏¥‡∏ô‡πÉ‡∏´‡πâ‡πÄ‡∏û‡∏∑‡πà‡∏≠‡∏ô‡πÇ‡∏î‡∏¢‡∏û‡∏£‡πâ‡∏≠‡∏°‡πÄ‡∏û‡∏¢‡πå ‡∏™‡∏•‡∏¥‡∏õ‡∏°‡∏µ ‡πÄ‡∏á‡∏¥‡∏ô‡πÇ‡∏î‡∏ô‡∏´‡∏±‡∏Å‡πÑ‡∏õ‡πÅ‡∏•‡πâ‡∏ß ‡πÅ‡∏ï‡πà‡∏ù‡∏±‡πà‡∏á‡∏õ‡∏•‡∏≤‡∏¢‡∏ó‡∏≤‡∏á‡πÄ‡∏á‡∏¥‡∏ô‡∏¢‡∏±‡∏á‡πÑ‡∏°‡πà‡πÄ‡∏Ç‡πâ‡∏≤ ‡∏£‡∏≠‡∏ï‡∏±‡πâ‡∏á‡πÅ‡∏ï‡πà12.00-15.00‡∏Å‡πá‡∏¢‡∏±‡∏á‡πÑ‡∏°‡πà‡πÄ‡∏Ç‡πâ‡∏≤ ‡∏≠‡∏¢‡∏≤‡∏Å‡∏ó‡∏£‡∏≤‡∏ö‡∏ß‡πà‡∏≤‡∏Ñ‡∏ß‡∏£‡∏ó‡∏≥‡∏¢‡∏±‡∏á‡πÑ‡∏á‡∏î‡∏µ‡∏Ñ‡∏£‡∏±‡∏ö?,https://pantip.com/topic/40522144,"Mon, 15 Feb 2021 14:58:15 +0700"
11,‡∏Ç‡∏≠‡∏¢‡∏Å‡πÄ‡∏•‡∏¥‡∏Å‡∏õ‡∏£‡∏∞‡∏Å‡∏±‡∏ô‡∏ó‡∏µ‡πà‡∏°‡∏≤‡∏û‡∏£‡πâ‡∏≠‡∏°‡∏ö‡∏±‡∏ï‡∏£‡πÄ‡∏Ñ‡∏£‡∏î‡∏¥‡∏ïktc,‡∏≠‡∏¢‡∏≤‡∏Å‡∏ó‡∏£‡∏≤‡∏ö‡∏ß‡∏¥‡∏ò‡∏µ‡∏¢‡∏Å‡πÄ‡∏•‡∏¥‡∏Å‡∏õ‡∏£‡∏∞‡∏Å‡∏±‡∏ô‡∏ó‡∏µ‡πà‡∏°‡∏≤‡∏û‡∏£‡πâ‡∏≠‡∏°‡∏ö‡∏±‡∏ï‡∏£‡πÄ‡∏Ñ‡∏£‡∏î‡∏¥‡∏ïktc‡∏Ñ‡πà‡∏∞,https://pantip.com/topic/40522143,"Mon, 15 Feb 2021 14:57:40 +0700"
12,‡πÇ‡∏¢‡πÄ‡∏Å‡∏¥‡∏£‡πå‡∏ï‡∏î‡∏£‡∏≠‡∏õ,‡∏≠‡∏¢‡∏≤‡∏Å‡∏ó‡∏£‡∏≤‡∏ö‡∏ß‡∏¥‡∏ò‡∏µ‡∏ó‡∏≥‡πÇ‡∏¢‡πÄ‡∏Å‡∏¥‡∏£‡πå‡∏ï‡∏î‡∏£‡∏≠‡∏õ‡πÅ‡∏ö‡∏ö‡∏ó‡∏µ‡πà‡∏™‡∏≤‡∏°‡∏≤‡∏£‡∏ñ‡∏ó‡∏≥‡πÄ‡∏Å‡∏ö‡πÑ‡∏ß‡πâ‡πÑ‡∏î‡πâ‡∏ô‡∏≤‡∏ô‡πÜ‡πÇ‡∏î‡∏¢‡πÑ‡∏°‡πà‡∏ï‡πâ‡∏≠‡∏á‡πÉ‡∏™‡πà‡∏ï‡πá‡πÄ‡∏¢‡πá‡∏ô ‡πÉ‡∏Ñ‡∏£‡∏û‡∏≠‡∏à‡∏∞‡∏£‡∏π‡πâ‡∏£‡∏ö‡∏Å‡∏ß‡∏ô‡∏ö‡∏≠‡∏Å‡∏´‡∏¢‡πà‡∏≠‡∏¢‡∏ô‡∏∞‡∏Ñ‡∏∞üòä,https://pantip.com/topic/40522142,"Mon, 15 Feb 2021 14:56:01 +0700"
13,‡∏ä‡πà‡∏ß‡∏¢‡∏ï‡∏≤‡∏°‡∏´‡∏≤‡∏Å‡∏≤‡∏£‡πå‡∏ï‡∏π‡∏ô‡πÉ‡∏´‡πâ‡∏´‡∏ô‡πà‡∏≠‡∏¢‡∏Ñ‡πà‡∏∞,‡∏Ñ‡∏∑‡∏≠‡∏ß‡πà‡∏≤‡πÄ‡∏Ñ‡∏¢‡∏≠‡πà‡∏≤‡∏ô‡∏Å‡∏≤‡∏£‡πå‡∏ï‡∏π‡∏ô‡πÄ‡∏£‡∏∑‡πà‡∏≠‡∏á‡∏ô‡∏∂‡∏á‡πÉ‡∏ô‡∏ó‡∏£‡∏®.‡πÄ‡∏Ñ‡∏£‡∏∑‡πà‡∏≠‡∏á‡πÄ‡∏Å‡πà‡∏≤‡∏Ñ‡πà‡∏∞‡πÅ‡∏•‡πâ‡∏ß‡∏ó‡∏£‡∏®.‡∏û‡∏±‡∏á‡∏à‡∏∂‡∏á‡∏ï‡πâ‡∏≠‡∏á‡∏ã‡∏∑‡πâ‡∏≠‡πÉ‡∏´‡∏°‡πà‡πÅ‡∏ï‡πà‡∏î‡∏±‡∏ô‡∏à‡∏≥‡∏ä‡∏∑‡πà‡∏≠‡πÄ‡∏£‡∏∑‡πà‡∏≠‡∏á‡∏Å‡∏≤‡∏£‡πå‡∏ï‡∏π‡∏ô‡∏ó‡∏µ‡πà‡∏≠‡πà‡∏≤‡∏ô‡πÑ‡∏°‡πà‡πÑ‡∏î‡πâ‡∏´‡∏≤‡πÄ‡∏ó‡πà‡∏≤‡πÑ‡∏´‡∏£‡πà‡∏Å‡πá‡πÑ‡∏°‡πà‡πÄ‡∏à‡∏≠‡∏≠‡πà‡∏∞‡∏Ñ‡πà‡∏∞‡πÄ‡∏•‡∏¢‡∏≠‡∏¢‡∏≤‡∏Å‡∏à‡∏∞‡πÉ‡∏´‡πâ‡∏ä‡πà‡∏ß‡∏¢‡∏´‡∏≤‡∏´‡∏ô‡πà‡∏≠‡∏¢‡∏Ç‡∏≠‡∏£‡πâ‡∏≠‡∏á‡∏•‡πà‡∏∞‡∏Ñ‡πà‡∏∞‡∏ä‡πà‡∏ß‡∏¢‡∏´‡∏≤‡∏´‡∏ô‡πà‡∏≠‡∏¢‡∏ô‡∏∞‡∏Ñ‡∏∞‡∏≠‡∏¢‡∏≤‡∏Å‡∏≠‡πà‡∏≤‡∏ô‡∏°‡∏≤‡∏Å‡∏à‡∏£,https://pantip.com/topic/40522141,"Mon, 15 Feb 2021 14:56:00 +0700"
14,‡πÅ‡∏≠‡∏ö‡∏ä‡∏≠‡∏ö‡∏£‡∏∏‡πà‡∏ô‡∏ô‡πâ‡∏≠‡∏á‡∏Ñ‡∏ß‡∏£‡πÄ‡∏£‡∏¥‡πà‡∏°‡∏ï‡πâ‡∏ô‡∏¢‡∏±‡∏á‡πÑ‡∏á‡∏Ñ‡∏∞,‡∏Ñ‡∏∑‡∏≠‡∏ß‡πà‡∏≤‡πÄ‡∏£‡∏≤‡πÅ‡∏≠‡∏ö‡∏ä‡∏≠‡∏ö‡∏£‡∏∏‡πà‡∏ô‡∏ô‡πâ‡∏≠‡∏á‡πÇ‡∏£‡∏á‡πÄ‡∏£‡∏µ‡∏¢‡∏ô‡∏ï‡∏£‡∏á‡∏Ç‡πâ‡∏≤‡∏°‡∏Ñ‡πà‡∏∞ ‡πÄ‡∏õ‡πá‡∏ô‡∏£‡∏∏‡πà‡∏ô‡∏ô‡πâ‡∏≠‡∏á‡∏õ‡∏µ‡∏ô‡∏∂‡∏á ‡πÄ‡∏´‡πá‡∏ô‡∏ô‡πâ‡∏≠‡∏á‡∏°‡∏≤‡∏ï‡∏±‡πâ‡∏á‡πÅ‡∏ï‡πà‡∏ô‡πâ‡∏≠‡∏á‡∏≠‡∏¢‡∏π‡πà‡∏°.3 ‡∏à‡∏ô‡∏ï‡∏≠‡∏ô‡∏ô‡∏µ‡πâ‡∏ô‡πâ‡∏≠‡∏á‡∏≠‡∏¢‡∏π‡πà‡∏°.5 ‡∏ï‡∏≠‡∏ô‡∏ô‡∏±‡πâ‡∏ô‡πÅ‡∏Ñ‡πà‡∏£‡∏π‡πâ‡∏™‡∏∂‡∏Å‡∏ß‡πà‡∏≤‡∏ô‡πâ‡∏≠‡∏á‡∏ô‡πà‡∏≤‡∏£‡∏±‡∏Å‡∏î‡∏µ ‡∏à‡∏ô‡πÑ‡∏î‡πâ‡∏£‡∏π‡πâ‡∏ß‡πà‡∏≤‡∏ö‡πâ‡∏≤‡∏ô‡∏ô‡πâ‡∏≠‡∏á‡∏≠‡∏¢‡∏π‡πà‡∏ï‡∏≥‡∏ö‡∏•‡πÄ‡∏î‡∏µ‡∏¢‡∏ß‡∏Å‡∏±‡∏ô‡πÅ‡∏•‡πâ‡∏ß‡πÄ‡∏Ç‡πâ‡∏≤‡πÑ‡∏õ‡πÄ‡∏£‡∏µ‡∏¢‡∏ô‡πÉ‡∏ô‡πÄ‡∏°‡∏∑‡∏≠‡∏á‡πÄ‡∏´,https://pantip.com/topic/40522140,"Mon, 15 Feb 2021 14:54:17 +0700"
15,‡∏ß‡∏¥‡∏ò‡∏µ‡∏ï‡∏ö‡∏°‡∏∑‡∏≠‡∏Ç‡πâ‡∏≤‡∏á‡πÄ‡∏î‡∏µ‡∏¢‡∏ß‡πÉ‡∏´‡πâ‡∏î‡∏±‡∏á...//‡∏°‡∏π‡πà‡∏¢‡∏π‡πà‚Äã ‡∏ú‡∏µ‡∏õ‡∏π‡πà‡∏î‡πà‡∏≤5...‡πÑ‡∏£‚Äã üò°üò°üò°üò°üò°,‡∏ß‡∏¥‡∏ò‡∏µ‡∏ï‡∏ö‡∏°‡∏∑‡∏≠‡∏Ç‡πâ‡∏≤‡∏á‡πÄ‡∏î‡∏µ‡∏¢‡∏ß‡πÉ‡∏´‡πâ‡∏î‡∏±‡∏á ‡∏°‡∏±‡∏ô‡∏Å‡πá‡∏°‡∏µ‡∏´‡∏•‡∏≤‡∏¢‡∏ß‡∏¥‡∏ò‡∏µ‚Äã ‡∏≠‡∏¢‡πà‡∏≤‡∏á‡∏ï‡∏ö‡∏Å‡∏£‡∏∞‡∏ñ‡∏≤‡∏á‡∏ï‡πâ‡∏ô‡πÑ‡∏°‡πâ‚Äã ‡∏ï‡∏ö‡∏≠‡∏ô‡∏∏‡πÄ‡∏™‡∏≤‡∏ß‡∏£‡∏µ‡∏¢‡πå (‡πÅ‡∏ß‡πà‡∏ß‡πÜ‡∏ß‡πà‡∏≤‡∏à‡∏∞‡πÑ‡∏õ‡∏ï‡∏ö‡∏†‡∏π‡πÄ‡∏Ç‡∏≤‡∏ó‡∏≠‡∏áüòÅ)‚Äã ‡πÅ‡∏ï‡πà‡∏Ñ‡∏≤‡∏î‡∏ß‡πà‡∏≤‡∏ß‡∏¥‡∏ò‡∏µ‡∏ô‡∏µ‡πâ‡∏Ñ‡∏á‡∏î‡∏±‡∏á‡πÑ‡∏°‡πà‡πÄ‡∏ó‡πà‡∏≤‡πÑ‡∏´‡∏£‡πà ‡πÄ‡∏•‡∏¢‡πÄ‡∏õ‡∏•‡∏µ‡πà‡∏¢‡∏ô‡∏°‡∏≤‡πÉ‡∏ä‡πâ‡∏ß‡∏¥‡∏ò‡∏µ ‡∏ï‡∏ö‡∏Å‡∏ö‡∏≤‡∏•‡πÄ‡∏û‡∏∑‡πà‡∏≠‡∏ô‡∏Ç‡πâ‡∏≤‡∏á‡πÜ ‡∏ô‡∏≠‡∏Å‡∏à‡∏≤‡∏Å‡πÄ‡∏™‡∏µ‡∏¢‡∏á‚Äã &quot;‡πÄ‡∏û‡∏µ‡∏¢‡∏∞!,https://pantip.com/topic/40522139,"Mon, 15 Feb 2021 14:53:24 +0700"
16,"DELTA, OR ‡∏õ‡∏±‡πà‡∏ô‡∏Å‡∏±‡∏ô‡∏Å‡∏£‡∏∞‡∏à‡∏∏‡∏¢ ‡∏ä‡πà‡∏ß‡∏á‡∏ô‡∏µ‡πâ‡∏Å‡πá‡∏ó‡∏≥‡πÄ‡∏õ‡πá‡∏ô‡πÄ‡∏≠‡∏≤‡∏´‡∏π‡πÑ‡∏õ‡∏ô‡∏≤‡πÄ‡∏≠‡∏≤‡∏ï‡∏≤‡πÑ‡∏õ‡πÑ‡∏£‡πà‡∏Å‡πà‡∏≠‡∏ô‡∏ô‡∏∞‡∏Ñ‡∏£‡∏±‡∏ö",,https://pantip.com/topic/40522138,"Mon, 15 Feb 2021 14:53:09 +0700"
17,‡∏´‡∏≤‡∏™‡∏ß‡∏¥‡∏á‡∏≠‡∏≤‡∏£‡πå‡∏°‡πÅ‡∏ï‡πà‡∏á‡πÉ‡∏™‡πà‡∏£‡∏ñ honda supercub c110 ‡∏õ‡∏µ2018,‡∏´‡∏≤‡∏™‡∏ß‡∏¥‡∏á‡∏≠‡∏≤‡∏£‡πå‡∏°‡πÑ‡∏°‡πà‡∏¢‡∏∑‡∏î‡πÑ‡∏°‡πà‡πÄ‡∏à‡∏≠‡∏∞‡∏ó‡∏ô‡πÜ‡∏¢‡∏µ‡πà‡∏´‡πâ‡∏≠‡∏î‡∏µ‡πÜ‡πÉ‡∏™‡πàhonda supercub c110 ‡∏õ‡∏µ2018 ‡∏Å‡∏∞‡∏à‡∏∞‡∏•‡∏≠‡∏á‡∏ã‡∏∑‡πâ‡∏≠‡∏Ç‡∏≠‡∏á‡∏≠‡∏≤‡∏£‡πå‡∏° ‡∏°‡∏¥‡πÄ‡∏ô‡∏µ‡∏¢‡∏°‡∏Ç‡∏≠‡∏á nui racing project ‡∏°‡∏≤‡πÉ‡∏™‡πà‡πÅ‡∏ï‡πà‡∏Å‡πá‡∏Å‡∏•‡∏±‡∏ß‡∏°‡∏±‡∏ô‡∏à‡∏∞‡πÄ‡∏ö‡∏≤‡∏≠‡∏¢‡πà‡∏≤‡∏á‡πÄ‡∏î‡∏µ‡∏¢‡∏ß‡πÅ‡∏ï‡πà‡πÑ‡∏°‡πà‡∏ó‡∏ô ‡∏≠‡∏¢‡∏≤‡∏Å‡πÉ‡∏î‡πâ‡∏™‡∏ß‡∏¥‡∏á‡∏≠‡∏≤‡∏£‡πå‡∏°‡∏ó‡∏µ‡πà‡∏ó‡∏ô‡πÄ‡∏ó‡πà‡∏≤‡∏Ç‡∏≠‡∏á‡πÄ‡∏î‡∏¥‡∏°‡πÇ‡∏£‡∏á‡∏á‡∏≤‡∏ô‡πÅ‡∏ï‡πà‡∏ô‡πâ,https://pantip.com/topic/40522137,"Mon, 15 Feb 2021 14:52:57 +0700"
18,‡∏°‡∏´‡∏≤‡∏ß‡∏¥‡∏ó‡∏¢‡∏≤‡∏•‡∏±‡∏¢‡πÑ‡∏´‡∏ô ‡πÄ‡∏´‡∏°‡∏≤‡∏∞‡∏Å‡∏±‡∏ö‡∏Å‡∏≤‡∏£‡∏ó‡∏≥‡∏á‡∏≤‡∏ô‡πÑ‡∏õ‡πÄ‡∏£‡∏µ‡∏¢‡∏ô‡πÑ‡∏õ ‡∏™‡πà‡∏á‡∏ï‡∏±‡∏ß‡πÄ‡∏≠‡∏á‡πÄ‡∏£‡∏µ‡∏¢‡∏ô‡∏ö‡πâ‡∏≤‡∏á‡∏Ñ‡∏∞?,‡πÄ‡∏£‡∏≤‡∏Å‡∏≥‡∏•‡∏±‡∏á‡∏à‡∏∞‡∏à‡∏ö ‡∏õ‡∏ß‡∏ä.3 ‡πÅ‡∏•‡πâ‡∏ß‡∏Ñ‡∏∞ ‡πÅ‡∏•‡πâ‡∏ß‡∏≠‡∏¢‡∏≤‡∏Å‡πÄ‡∏£‡∏µ‡∏¢‡∏ô‡∏°‡∏´‡∏≤‡∏•‡∏±‡∏¢‡∏ï‡πà‡∏≠ ‡πÅ‡∏•‡πâ‡∏ß‡∏à‡∏∞‡∏™‡πà‡∏á‡∏ï‡∏±‡∏ß‡πÄ‡∏≠‡∏á‡πÄ‡∏£‡∏µ‡∏¢‡∏ô ‡∏û‡∏∂‡πà‡∏á‡∏û‡∏≤‡∏ï‡∏±‡∏ß‡πÄ‡∏≠‡∏á‡∏Ñ‡πà‡∏∞ ‡πÅ‡∏•‡πâ‡∏ß‡∏™‡πà‡∏ß‡∏ô‡∏ï‡∏±‡∏ß‡πÄ‡∏£‡∏µ‡∏¢‡∏ô‡πÑ‡∏°‡πà‡∏Ñ‡πà‡∏≠‡∏¢‡πÄ‡∏Å‡πà‡∏á‡πÄ‡∏ó‡πà‡∏≤‡πÑ‡∏´‡∏£‡πà‡πÅ‡∏ï‡πà‡∏û‡∏≠‡πÄ‡∏≠‡∏≤‡∏ï‡∏±‡∏ß‡∏£‡∏≠‡∏î‡πÑ‡∏î‡πâ ‡∏°‡∏´‡∏≤‡∏•‡∏±‡∏¢‡πÑ‡∏´‡∏ô‡∏ó‡∏µ‡πà‡πÄ‡∏´‡∏°‡∏≤‡∏∞‡∏ö‡πâ‡∏≤‡∏á‡∏Ñ‡∏∞ ‡πÅ‡∏•‡πâ‡∏ß‡πÄ‡∏≤‡∏¢‡∏ô‡∏à‡∏ö‡πÑ‡∏õ‡∏°‡∏µ‡∏á‡∏≤‡∏ô‡∏ó‡∏≥‡πÅ‡∏ô‡πà‡∏ô‡∏≠‡∏ô‡∏Ñ‡πà‡∏∞,https://pantip.com/topic/40522136,"Mon, 15 Feb 2021 14:52:53 +0700"
19,‡πÅ‡∏õ‡πâ‡∏ô‡∏û‡∏¥‡∏°‡πÇ‡∏ó‡∏£‡∏®‡∏±‡∏û‡∏ó‡πåvivo s1 ‡∏ô‡πâ‡∏≠‡∏á‡∏ú‡∏°‡πÄ‡∏ú‡∏•‡∏≠‡∏Å‡∏î‡∏≠‡∏∞‡πÑ‡∏£‡∏™‡∏±‡∏Å‡∏≠‡∏¢‡πà‡∏≤‡∏á‡∏à‡∏ô‡∏ï‡∏≠‡∏ô‡∏ô‡∏µ‡πâ‡πÅ‡∏õ‡πâ‡∏ô‡∏û‡∏¥‡∏°‡∏†‡∏≤‡∏©‡∏≤‡∏≠‡∏±‡∏á‡∏Å‡∏§‡∏©‡πÄ‡∏ß‡∏•‡∏≤‡∏û‡∏¥‡∏°‡∏û‡πå‡∏ï‡∏±‡∏ß‡∏≠‡∏±‡∏Å‡∏©‡∏ì‡∏™‡∏±‡∏Å‡∏ï‡∏±‡∏ß‡∏°‡∏±‡∏ô‡∏Å‡πá‡∏à‡∏∞‡∏Ç‡∏∂‡πâ‡∏ô‡∏°‡∏≤‡πÄ‡∏õ‡πá‡∏ôGuide,‡∏Ñ‡∏≠‡∏¢‡∏ö‡∏≠‡∏Å‡∏ß‡πà‡∏≤‡∏Ñ‡∏≥‡πÑ‡∏´‡∏ô‡πÄ‡∏Ç‡∏µ‡∏¢‡∏ô‡∏¢‡∏±‡∏á‡πÑ‡∏á ‡∏ö‡∏•‡∏≤‡πÜ‡πÜ‡∏ã‡∏∂‡πà‡∏á‡∏ú‡∏°‡πÑ‡∏°‡πà‡∏ï‡πâ‡∏≠‡∏á‡∏Å‡∏≤‡∏£‡πÅ‡∏•‡πâ‡∏ß‡∏ï‡∏≠‡∏ô‡∏ô‡∏µ‡πâ‡∏Ñ‡∏ß‡∏≤‡∏°‡πÄ‡∏£‡πá‡∏ß‡πÉ‡∏ô‡∏Å‡∏≤‡∏£‡∏û‡∏¥‡∏°‡∏ú‡∏°‡∏ï‡∏Å‡∏•‡∏á‡πÑ‡∏õ‡πÄ‡∏¢‡∏≠‡∏∞‡∏°‡∏≤‡∏Å‡πÜ ‡πÄ‡∏û‡∏£‡∏≤‡∏∞‡πÑ‡∏°‡πà‡∏Ñ‡∏∏‡πâ‡∏ô‡∏ä‡∏¥‡∏ô‡πÉ‡∏Ñ‡∏£‡∏û‡∏≠‡∏à‡∏∞‡∏°‡∏µ‡∏ß‡∏¥‡∏ò‡∏µ‡πÅ‡∏Å‡πâ‡∏ö‡πâ‡∏≤‡∏á‡∏Ñ‡∏£‡∏±‡∏ö,https://pantip.com/topic/40522135,"Mon, 15 Feb 2021 14:52:03 +0700"
20,‡πÑ‡∏Ç‡πà‡∏ô‡∏Å‡∏û‡∏¥‡∏£‡∏≤‡∏ö ‡∏ó‡πç‡∏≤‡πÄ‡∏°‡∏ô‡∏π‡∏≠‡∏∞‡πÑ‡∏£‡∏≠‡∏£‡πà‡∏≠‡∏¢‡∏ö‡πâ‡∏≤‡∏á‡∏Ñ‡∏£‡∏±‡∏ö,‡∏™‡∏ß‡∏±‡∏™‡∏î‡∏µ‡∏Ñ‡∏£‡∏±‡∏ö ‡∏ú‡∏°‡∏û‡∏∂‡πà‡∏á‡∏´‡∏±‡∏î‡πÄ‡∏Ç‡∏µ‡∏¢‡∏ô‡∏Å‡∏£‡∏∞‡∏ó‡∏π‡πâ‡∏ô‡∏µ‡πâ‡πÄ‡∏õ‡πá‡∏ô‡∏Å‡∏£‡∏∞‡∏ó‡∏π‡πâ‡πÅ‡∏£‡∏Å‡∏ô‡∏∞‡∏Ñ‡∏£‡∏±‡∏ö ‡∏ñ‡πâ‡∏≤‡πÄ‡∏Ç‡∏µ‡∏¢‡∏ô‡∏ú‡∏¥‡∏î‡∏û‡∏•‡∏≤‡∏î‡∏õ‡∏£‡∏∞‡∏Å‡∏≤‡∏£‡πÉ‡∏î ‡∏Å‡πá‡∏Ç‡∏≠‡∏≠‡∏†‡∏±‡∏¢‡∏°‡∏≤ ‡∏ì ‡∏ó‡∏µ‡∏ô‡∏µ‡πâ‡∏î‡πâ‡∏ß‡∏¢‡∏ô‡∏∞‡∏Ñ‡∏£‡∏±‡∏ö‡πÄ‡∏Ç‡πâ‡∏≤‡πÄ‡∏£‡∏∑‡πà‡∏≠‡∏á‡πÄ‡∏•‡∏¢‡∏ô‡∏∞‡∏Ñ‡∏£‡∏±‡∏ö ‡∏Ñ‡∏∑‡∏≠‡∏ß‡πà‡∏≤‡∏ó‡∏µ‡πà‡∏£‡∏∞‡πÄ‡∏ö‡∏µ‡∏¢‡∏á‡∏Ñ‡∏≠‡∏ô‡πÇ‡∏î‡∏ú‡∏°‡∏°‡∏µ‡∏ô‡∏Å‡∏û‡∏¥‡∏£‡∏≤‡∏ö‡∏°‡∏≤‡∏ß‡∏≤‡∏á‡πÑ‡∏Ç‡πà‡πÑ‡∏ß‡πâ‡∏™‡∏≠‡∏á‡∏ü‡∏≠‡∏á ‡πÅ‡∏•‡πâ‡∏ß‡∏ó‡∏µ‡πà‡∏ô‡∏µ‡πâ‡∏ö‡∏£‡∏¥‡πÄ‡∏ß‡∏ì‡∏ó‡∏µ‡πà‡∏ô‡∏Å‡∏°‡∏≤‡∏ß,https://pantip.com/topic/40522134,"Mon, 15 Feb 2021 14:51:29 +0700"
21,‡∏Ñ‡∏ô‡∏ó‡∏µ‡πà‡πÄ‡∏õ‡πá‡∏ô‡πÄ‡∏õ‡πá‡∏î....‡πÉ‡∏ô‡∏Ñ‡∏ß‡∏≤‡∏°‡∏Ñ‡∏¥‡∏î‡∏Ç‡∏≠‡∏á‡∏Ñ‡∏∏‡∏ì‡πÄ‡∏õ‡πá‡∏ô‡∏Ñ‡∏ô‡∏¢‡∏±‡∏á‡πÑ‡∏á‡∏Ñ‡∏∞?,‡∏™‡∏ß‡∏±‡∏™‡∏î‡∏µ‡∏Ñ‡πà‡∏∞ ‡∏ß‡∏±‡∏ô‡∏ô‡∏µ‡πâ‡∏ú‡∏•‡∏Ñ‡∏∞‡πÅ‡∏ô‡∏ô‡∏≠‡∏≠‡∏Å ‡∏à‡∏Ç‡∏Å‡∏ó.‡πÅ‡∏≠‡∏ö‡∏ô‡πâ‡∏≠‡∏¢‡πÉ‡∏à‡πÉ‡∏ô‡∏ï‡∏ô‡πÄ‡∏≠‡∏á‡∏ó‡∏µ‡πà‡πÄ‡∏´‡∏°‡∏∑‡∏≠‡∏ô‡πÄ‡∏õ‡πá‡∏î ‡πÄ‡∏õ‡πá‡∏î‡πÄ‡∏õ‡πá‡∏ô‡∏Ñ‡∏ô‡∏ó‡∏µ‡πà‡πÑ‡∏°‡πà‡πÉ‡∏ä‡πà‡πÄ‡∏Å‡πà‡∏á‡∏≠‡∏∞‡πÑ‡∏£‡∏™‡∏∏‡∏î‡πÜ ‡∏™‡∏±‡∏Å‡∏≠‡∏¢‡πà‡∏≤‡∏á‡πÅ‡∏ï‡πà‡∏õ‡∏£‡∏±‡∏ö‡∏ï‡∏±‡∏ß‡∏ó‡∏∏‡∏Å‡∏™‡∏ñ‡∏≤‡∏ô‡∏Å‡∏≤‡∏£‡∏ì‡πå ‡πÄ‡∏õ‡∏£‡∏µ‡∏¢‡∏ö‡πÄ‡∏´‡∏°‡∏∑‡∏≠‡∏ô‡∏ï‡∏±‡∏ß‡∏à‡∏Ç‡∏Å‡∏ó.‡πÄ‡∏•‡∏¢‡∏Ñ‡πà‡∏∞ ‡πÉ‡∏ô‡∏ß‡∏¥‡∏ä‡∏≤‡∏ó‡∏µ‡πà‡πÄ‡∏£‡∏µ‡∏¢‡∏ô‡∏°‡∏≤‡πÑ‡∏°‡πà‡∏°‡∏µ‡∏ß‡∏¥‡∏ä‡∏≤‡∏≠‡∏∞‡πÑ‡∏£‡∏ó‡∏µ‡πà‡πÄ‡∏Å‡πà‡∏á‡∏™‡∏∏‡∏î‡πÅ‡∏ï‡πà‡πÑ‡∏î‡πâ‡∏ó‡∏∏‡∏Å,https://pantip.com/topic/40522133,"Mon, 15 Feb 2021 14:50:47 +0700"
22,‡πÄ‡∏ó‡∏û‡∏ò‡∏¥‡∏î‡∏≤‡∏õ‡∏•‡∏≤‡∏£‡πâ‡∏≤ ep14&15+‡∏î‡∏ß‡∏á‡πÉ‡∏à‡πÉ‡∏ô‡∏°‡∏ô‡∏ï‡∏£‡∏≤ ep6,,https://pantip.com/topic/40522132,"Mon, 15 Feb 2021 14:50:27 +0700"
23,DVD 3‡∏õ‡∏µ‡∏û‡∏∂‡πà‡∏á‡∏ñ‡∏∂‡∏á,https://www.facebook.com/100044611171432/posts/259648952198809/,https://pantip.com/topic/40522131,"Mon, 15 Feb 2021 14:50:25 +0700"
24,‡∏≠‡∏¢‡∏≤‡∏Å‡πÉ‡∏´‡πâ‡∏ä‡πà‡∏≠‡∏á3 ‡πÄ‡∏û‡∏¥‡πà‡∏°‡∏Ñ‡πà‡∏≤‡∏¢‡∏•‡∏∞‡∏Ñ‡∏£ ‡∏ó‡∏µ‡πà‡∏™‡∏≤‡∏°‡∏≤‡∏£‡∏ñ‡∏ó‡∏≥ ‡∏•‡∏∞‡∏Ñ‡∏£‡∏à‡∏≤‡∏ô‡∏î‡πà‡∏ß‡∏ô ‡πÑ‡∏î‡πâ ‡πÄ‡∏û‡∏£‡∏≤‡∏∞ ‡∏Ñ‡πà‡∏≤‡∏¢‡∏´‡∏•‡∏±‡∏Å‡∏á‡∏≤‡∏ô‡∏ä‡πâ‡∏≤ ‡πÅ‡∏•‡∏∞‡∏î‡∏≤‡∏£‡∏≤‡πÉ‡∏´‡∏°‡πà‡πÉ‡∏ô‡∏™‡∏±‡∏á‡∏Å‡∏±‡∏î‡∏Å‡πá‡∏°‡∏≤‡∏Å ‡∏ú‡∏•‡∏á‡∏≤‡∏ô‡πÑ‡∏°‡πà‡∏ó‡∏±‡∏ô‡πÉ‡∏à‡∏ú‡∏π‡πâ‡∏ä‡∏°,‡∏≠‡∏¢‡∏≤‡∏Å‡πÉ‡∏´‡πâ‡∏ä‡πà‡∏≠‡∏á3 ‡πÄ‡∏û‡∏¥‡πà‡∏°‡∏Ñ‡πà‡∏≤‡∏¢‡∏•‡∏∞‡∏Ñ‡∏£ ‡∏ó‡∏µ‡πà‡∏™‡∏≤‡∏°‡∏≤‡∏£‡∏ñ‡∏ó‡∏≥ ‡∏•‡∏∞‡∏Ñ‡∏£‡∏à‡∏≤‡∏ô‡∏î‡πà‡∏ß‡∏ô ‡πÑ‡∏î‡πâ ‡πÄ‡∏û‡∏£‡∏≤‡∏∞ ‡∏Ñ‡πà‡∏≤‡∏¢‡∏´‡∏•‡∏±‡∏Å‡∏á‡∏≤‡∏ô‡∏ä‡πâ‡∏≤ ‡πÅ‡∏•‡∏∞‡∏î‡∏≤‡∏£‡∏≤‡πÉ‡∏´‡∏°‡πà‡πÉ‡∏ô‡∏™‡∏±‡∏á‡∏Å‡∏±‡∏î‡∏Å‡πá‡∏°‡∏≤‡∏Å ‡∏ú‡∏•‡∏á‡∏≤‡∏ô‡πÑ‡∏°‡πà‡∏ó‡∏±‡∏ô‡πÉ‡∏à‡∏ú‡∏π‡πâ‡∏ä‡∏°,https://pantip.com/topic/40522130,"Mon, 15 Feb 2021 14:50:13 +0700"
25,‡∏ï‡∏≤‡∏°‡∏´‡∏≤‡πÄ‡∏û‡∏•‡∏á‡∏Ç‡∏≠‡∏á seventeen ‡∏Ñ‡πà‡∏∞,‡∏à‡∏≥‡πÑ‡∏î‡πâ‡∏ß‡πà‡∏≤‡∏ä‡πà‡∏ß‡∏á‡∏ô‡∏∂‡∏á‡πÄ‡∏Ñ‡∏¢‡∏ï‡∏¥‡∏î‡πÄ‡∏û‡∏•‡∏á‡∏ô‡∏µ‡πâ‡∏°‡∏≤‡∏Å ‡∏à‡∏≥‡πÑ‡∏î‡πâ‡πÅ‡∏ï‡πà‡∏ó‡πà‡∏≠‡∏ô‡∏Ç‡∏≠‡∏á‡∏ã‡∏≠‡∏Å‡∏°‡∏¥‡∏ô‡∏Ñ‡πà‡∏∞ ‡∏ï‡∏∂‡πà‡∏á‡∏ï‡∏∂‡∏á‡∏ï‡∏∂‡πä‡∏á ‡∏ï‡∏∂‡πà‡∏á‡∏ï‡∏∂‡∏á‡∏ï‡∏∂‡πä‡∏á ‡∏´‡πà‡∏≤‡∏£‡∏π‡∏´‡πä‡∏≤‡∏≤‡∏≤‡∏≤‡∏≤‡∏≤‡∏≤‡∏≤ ‡∏£‡∏π‡∏Å‡∏≤‡∏≤‡∏≤‡∏≤‡∏≤ ‡∏õ‡∏£‡∏∞‡∏°‡∏≤‡∏ô‡∏ô‡∏µ‡πâ‡∏Ñ‡πà‡∏∞ ‡πÉ‡∏Ñ‡∏£‡∏£‡∏π‡πâ‡∏£‡∏ö‡∏Å‡∏ß‡∏ô‡∏ö‡∏≠‡∏Å‡πÄ‡∏£‡∏≤‡∏´‡∏ô‡πà‡∏≠‡∏¢ ‡∏°‡∏±‡∏ô‡∏ï‡∏¥‡∏î‡∏≠‡∏¢‡∏π‡πà‡πÉ‡∏ô‡∏´‡∏±‡∏ß;---;,https://pantip.com/topic/40522129,"Mon, 15 Feb 2021 14:50:03 +0700"
26,‡∏û‡∏∂‡πà‡∏á‡∏£‡∏π‡πâ‡∏ß‡πà‡∏≤‡πÄ‡∏´‡∏ï‡∏∏‡∏Å‡∏≤‡∏£‡∏ì‡πå‡∏ó‡∏µ‡πà‡πÄ‡∏Ñ‡∏£‡∏∑‡πà‡∏≠‡∏á‡∏ö‡∏¥‡∏ô‡∏•‡∏á‡∏à‡∏≠‡∏î‡πÉ‡∏ô‡∏à‡∏µ‡∏ô ‡∏à‡∏≤‡∏Å‡πÄ‡∏£‡∏∑‡πà‡∏≠‡∏á ‡πÄ‡∏û‡∏¥‡∏• ‡∏Æ‡∏≤‡πÄ‡∏ö‡∏≠‡∏£‡πå ‡πÄ‡∏õ‡πá‡∏ô‡πÄ‡∏£‡∏∑‡πà‡∏≠‡∏á‡∏à‡∏£‡∏¥‡∏á ...//////////,‡∏ô‡∏∂‡∏Å‡∏ß‡πà‡∏≤‡πÄ‡∏õ‡πá‡∏ô‡πÄ‡∏´‡∏ï‡∏∏‡∏Å‡∏≤‡∏£‡∏ì‡πå‡πÅ‡∏ï‡πà‡∏á‡πÄ‡∏ï‡∏¥‡∏°‡∏Ç‡∏∂‡πâ‡∏ô ‡πÄ‡∏û‡∏∑‡πà‡∏≠‡πÉ‡∏´‡πâ‡∏†‡∏≤‡∏û‡∏¢‡∏ô‡∏ï‡πå‡∏°‡∏µ‡∏Ñ‡∏ß‡∏≤‡∏°‡∏™‡∏ô‡∏∏‡∏Å ‡πÅ‡∏ï‡πà‡πÄ‡∏°‡∏∑‡πà‡∏≠‡∏î‡∏π‡∏Ñ‡∏•‡∏¥‡∏õ‡πÅ‡∏•‡πâ‡∏ß ‡∏à‡∏∂‡∏á‡∏£‡∏π‡πâ‡∏ß‡πà‡∏≤‡πÄ‡∏õ‡πá‡∏ô‡πÄ‡∏´‡∏ï‡∏∏‡∏Å‡∏≤‡∏£‡∏ì‡πå‡∏à‡∏£‡∏¥‡∏á‡πÄ‡∏Å‡∏∑‡∏≠‡∏ö‡∏à‡∏∞ 100% ‡∏Å‡∏≤‡∏£‡∏ö‡∏¥‡∏ô‡∏•‡πâ‡∏≥‡πÄ‡∏Ç‡πâ‡∏≤‡πÑ‡∏õ‡πÉ‡∏ô‡πÄ‡∏Ç‡∏ï‡∏õ‡∏£‡∏∞‡πÄ‡∏ó‡∏®‡∏Ç‡πâ‡∏≤‡∏®‡∏∂‡∏Å ‡πÇ‡∏î‡∏¢‡∏ó‡∏µ‡πà‡πÑ‡∏°‡πà‡∏°‡∏µ‡πÄ‡∏Ñ‡∏£‡∏∑‡πà‡∏≠‡∏á‡∏ö‡∏¥‡∏ô‡∏Ñ‡∏∏‡πâ‡∏°‡∏Å‡∏±‡∏ô ‡πÅ‡∏•‡∏∞‡πÄ‡∏õ‡πá‡∏ô‡∏£‡∏∞‡∏¢‡∏∞‡∏ó‡∏≤‡∏á‡∏ó‡∏µ‡πà‡πÉ‡∏Å‡∏•‡∏°‡∏≤,https://pantip.com/topic/40522128,"Mon, 15 Feb 2021 14:50:00 +0700"
27,‡πÇ‡∏ô‡πä‡∏ï‡∏ó‡∏µ‡πà‡∏ö‡∏±‡∏ô‡∏ó‡∏∂‡∏Å‡πÑ‡∏ß‡πâ‡πÉ‡∏ô‡πÑ‡∏≠‡πÇ‡∏ü‡∏ô‡∏´‡∏≤‡∏¢‡∏Ñ‡πà‡∏∞,‡∏≠‡∏¢‡∏π‡πà‡∏î‡∏µ‡πÜ‡πÇ‡∏ô‡πâ‡∏ï‡πÉ‡∏ô iphone ‡∏Å‡πá‡∏´‡∏≤‡∏¢‡∏Ñ‡πà‡∏∞ ‡∏Å‡∏î‡πÄ‡∏Ç‡πâ‡∏≤‡πÑ‡∏õ‡∏î‡∏π‡πÉ‡∏ô icloud.com ‡πÅ‡∏•‡πâ‡∏ß‡∏Ñ‡πà‡∏∞ ‡∏°‡∏±‡∏ô‡∏°‡∏µ‡∏≠‡∏¢‡∏π‡πà‡πÉ‡∏ô icloud.com ‡πÅ‡∏ï‡πà‡∏à‡∏∞‡∏ó‡∏≥‡πÉ‡∏´‡πâ‡∏°‡∏±‡∏ô‡∏°‡∏≤‡∏≠‡∏¢‡∏π‡πà‡πÉ‡∏ô‡πÇ‡∏ô‡πä‡∏ï‡∏¢‡∏±‡∏á‡πÑ‡∏á‡∏Ñ‡πà‡∏∞,https://pantip.com/topic/40522127,"Mon, 15 Feb 2021 14:49:24 +0700"
28,‡∏ï‡∏Å‡πÄ‡∏¢‡πá‡∏ô or ‡∏°‡∏µ‡πÇ‡∏≠‡∏Å‡∏≤‡∏™‡πÄ‡∏´‡πá‡∏ô‡πÅ‡∏î‡∏á‡πÑ‡∏´‡∏°,‡πÉ‡∏Ñ‡∏£‡∏ã‡∏∑‡πâ‡∏≠ 36.50,https://pantip.com/topic/40522126,"Mon, 15 Feb 2021 14:49:10 +0700"
29,‡∏û‡∏ô‡∏á.‡∏ò‡∏ô‡∏≤‡∏Ñ‡∏≤‡∏£‚Äã‡∏ö‡∏≠‡∏Å‡πÅ‡∏ö‡∏ö‡∏ô‡∏µ‡πâ‡∏´‡∏°‡∏≤‡∏¢‡∏ñ‡∏∂‡∏á‡∏°‡∏≤‡∏ñ‡πà‡∏≤‡∏¢‡∏£‡∏π‡∏õ‡∏ó‡∏µ‡πà‡∏£‡πâ‡∏≤‡∏ô‡∏£‡∏∂‡∏ñ‡πà‡∏≤‡∏¢‡∏£‡∏π‡∏õ‡πÅ‡∏à‡πâ‡∏á‡∏ú‡∏•,‡∏ó‡∏≥‚Äã‡πÄ‡∏£‡∏∑‡πà‡∏≠‡∏á‚Äã‡∏¢‡∏∑‡πà‡∏ô‡∏Å‡∏∏‡πâ‡∏Å‡∏±‡∏ö‡∏ò‡∏ô‡∏≤‡∏Ñ‡∏≤‡∏£‚Äã‡πÑ‡∏ß‡πâ‡πÅ‡∏•‡πâ‡∏ß ‡πÄ‡∏£‡∏≤‡πÑ‡∏•‡∏ô‡πå‚Äã‡πÑ‡∏õ‡∏ñ‡∏≤‡∏°‡πÄ‡∏Ç‡∏≤‡∏ï‡∏≠‡∏ö‡πÅ‡∏ö‡∏ö‡∏ô‡∏µ‡πâ‡∏Ñ‡∏ß‡∏≤‡∏°‡∏´‡∏°‡∏≤‡∏¢‡∏Ñ‡∏∑‡∏≠‡∏ñ‡πà‡∏≤‡∏¢‡∏£‡∏π‡∏õ‡∏ú‡∏•‡πÉ‡∏´‡πâ‡∏î‡∏π‡∏£‡∏∂‡∏ß‡πà‡∏≤‡∏°‡∏≤‡∏ñ‡πà‡∏≤‡∏¢‡∏£‡∏π‡∏õ‡∏£‡πâ‡∏≤‡∏ô‡πÄ‡∏£‡∏≤‡∏Ñ‡πà‡∏∞,https://pantip.com/topic/40522125,"Mon, 15 Feb 2021 14:49:04 +0700"
30,‡∏à‡∏±‡∏á‡∏´‡∏ß‡∏±‡∏î‡∏™‡∏°‡∏∏‡∏ó‡∏£‡∏õ‡∏£‡∏≤‡∏Å‡∏≤‡∏£ ‡∏¢‡∏±‡∏á‡∏Ñ‡∏á‡∏™‡∏±‡πà‡∏á‡πÉ‡∏´‡πâ‡∏õ‡∏¥‡∏î‡∏™‡∏ñ‡∏≤‡∏ô‡∏ó‡∏µ‡πà ‡πÄ‡∏ä‡πà‡∏ô ‡∏™‡∏ß‡∏ô‡∏ô‡πâ‡∏≥ ‡∏™‡∏ß‡∏ô‡∏™‡∏ô‡∏∏‡∏Å ‡πÅ‡∏•‡∏∞ ‡∏™‡∏£‡∏∞‡∏ß‡πà‡∏≤‡∏¢‡∏ô‡πâ‡∏≥ ‡πÉ‡∏ä‡πà‡∏´‡∏£‡∏∑‡∏≠‡πÑ‡∏°‡πà ?,‡∏ú‡∏π‡πâ‡∏£‡∏π‡πâ ‡∏ï‡∏≠‡∏ö‡∏´‡∏ô‡πà‡∏≠‡∏¢‡∏Ñ‡∏£‡∏±‡∏ö,https://pantip.com/topic/40522124,"Mon, 15 Feb 2021 14:48:36 +0700"
31,‡πÄ‡∏ß‡∏•‡∏≤‡∏≠‡∏¢‡∏π‡πà‡∏Å‡∏±‡∏ö‡πÄ‡∏û‡∏∑‡πà‡∏≠‡∏ô‡∏£‡∏π‡πâ‡∏™‡∏∂‡∏Å‡∏≠‡∏∂‡∏î‡∏≠‡∏±‡∏î‡πÅ‡∏•‡∏∞‡∏£‡∏π‡πâ‡∏™‡∏∂‡∏Å‡∏ß‡πà‡∏≤‡πÄ‡∏Ç‡∏≤‡πÄ‡∏°‡∏¥‡∏ô‡∏Ñ‡∏ß‡∏£‡∏ó‡∏≥‡∏≠‡∏¢‡πà‡∏≤‡∏á‡πÑ‡∏£‡∏î‡∏µ‡∏Ñ‡∏∞?,,https://pantip.com/topic/40522123,"Mon, 15 Feb 2021 14:48:25 +0700"
32,‡∏Ç‡∏≠‡∏™‡∏≠‡∏ö‡∏ñ‡∏≤‡∏°‡πÄ‡∏û‡∏∑‡πà‡∏≠‡∏ô ‡πÜ ‡∏ó‡∏≥‡πÑ‡∏°‡πÄ‡∏û‡∏∑‡πà‡∏≠‡∏ô‡πÄ‡∏£‡∏≤‡∏î‡∏π ‡πÅ‡∏≠‡∏Ñ‡πÅ‡∏ó‡∏Ñ‡πÑ‡∏ó‡∏ó‡∏±‡∏ô‡πÅ‡∏•‡πâ‡∏ß‡∏Ç‡∏≥ ‡∏î‡∏π‡πÅ‡∏•‡πâ‡∏ß‡∏´‡∏±‡∏ß‡πÄ‡∏£‡∏≤‡∏∞ ‡∏û‡∏≠‡∏î‡∏πYugi-oh ‡∏†‡∏≤‡∏Ñ‡∏ï‡πà‡∏≤‡∏á ‡πÜ ‡πÅ‡∏•‡πâ‡∏ß‡πÄ‡∏Ç‡∏≤‡∏ã‡∏∂‡πâ‡∏á‡∏à‡∏ô‡∏£‡πâ‡∏≠‡∏á‡πÑ‡∏´‡πâ,‡∏≠‡∏¥‡∏´‡∏¢‡∏±‡∏á‡∏ß‡∏∞ ??? ‡∏Ñ‡∏∑‡∏≠‡∏û‡∏≠‡∏î‡∏π‡πÄ‡∏°‡∏∞‡πÇ‡∏´‡∏î‡πÜ ‡πÄ‡∏°‡∏∞‡πÄ‡∏î‡∏∑‡∏≠‡∏î‡πÜ ‡πÄ‡∏ä‡πà‡∏ô‡∏Å‡πä‡∏≠‡∏ö‡∏•‡∏¥‡∏ô‡∏á‡∏µ‡πâ ‡πÇ‡∏Ñ‡∏ô‡∏±‡∏ô ‡πÇ‡∏ï‡πÄ‡∏Å‡∏µ‡∏¢‡∏ß‡∏Å‡∏•‡∏π ‡πÄ‡∏Ç‡∏≤‡∏î‡∏π‡πÑ‡∏õ‡∏¢‡∏¥‡πâ‡∏°‡πÑ‡∏õ ‡∏ö‡∏≠‡∏Å‡∏ï‡∏•‡∏Å‡πÄ‡∏•‡∏≠‡∏∞‡πÄ‡∏ó‡∏≠‡∏∞ [Spoil] ‡∏Ñ‡∏•‡∏¥‡∏Å‡πÄ‡∏û‡∏∑‡πà‡∏≠‡∏î‡∏π‡∏Ç‡πâ‡∏≠‡∏Ñ‡∏ß‡∏≤‡∏°‡∏ó‡∏µ‡πà‡∏ã‡πà‡∏≠‡∏ô‡πÑ‡∏ß‡πâ ‡πÅ‡∏ï‡πà‡∏û‡∏≠‡πÄ‡∏Ç‡∏≤‡∏î‡∏πYugi oh‡πÄ‡∏Ç‡∏≤‡∏£‡πâ‡∏≠‡∏á‡πÑ‡∏´‡πâ‡∏´‡∏•‡∏≤‡∏¢‡∏â‡∏≤‡∏Å‡∏°‡∏≤‡∏Å ‡∏ï‡∏≠‡∏ô‡∏à‡∏£‡∏∞‡πÄ‡∏Ç‡πâ‡∏ï‡∏≤‡∏¢‡∏û‡∏£‡πâ‡∏≠‡∏°‡∏à‡∏¥‡∏° Gx ‡πÄ‡∏Ç,https://pantip.com/topic/40522122,"Mon, 15 Feb 2021 14:47:48 +0700"
33,"‡πÇ‡∏£‡∏á‡πÄ‡∏£‡∏µ‡∏¢‡∏ô‡πÄ‡∏ï‡∏£‡∏µ‡∏¢‡∏°‡∏ô‡πâ‡∏≠‡∏°,‡πÄ‡∏ï‡∏£‡∏µ‡∏¢‡∏°‡∏û‡∏±‡∏í,‡∏ö‡∏î‡∏¥‡∏ô,‡πÄ‡∏ó‡∏û‡∏®‡∏¥‡∏£‡∏¥‡∏ô",‡∏Ç‡∏≠‡∏≠‡∏ô‡∏∏‡∏ç‡∏≤‡∏ï‡∏ô‡∏∞‡∏Ñ‡∏∞ ‡∏≠‡∏¢‡∏≤‡∏Å‡∏ó‡∏£‡∏≤‡∏ö‡∏ß‡πà‡∏≤‡∏≤‡∏≤‡∏≤ ‡πÇ‡∏£‡∏á‡πÄ‡∏£‡∏µ‡∏¢‡∏ô‡πÄ‡∏ï‡∏£‡∏µ‡∏¢‡∏°‡∏≠‡∏∏‡∏î‡∏°‡∏®‡∏∂‡∏Å‡∏©‡∏≤‡∏ô‡πâ‡∏≠‡∏°‡πÄ‡∏Å‡∏•‡πâ‡∏≤ ‡πÇ‡∏£‡∏á‡πÄ‡∏£‡∏µ‡∏¢‡∏ô‡πÄ‡∏ï‡∏£‡∏µ‡∏¢‡∏°‡∏û‡∏±‡∏í ‡πÇ‡∏£‡∏á‡πÄ‡∏£‡∏µ‡∏¢‡∏ô‡∏ö‡∏î‡∏¥‡∏ô ‡πÇ‡∏£‡∏á‡πÄ‡∏£‡∏µ‡∏¢‡∏ô‡πÄ‡∏ó‡∏û‡∏®‡∏¥‡∏£‡∏¥‡∏ô 1.‡∏Ñ‡πà‡∏≤‡πÄ‡∏ó‡∏≠‡∏°‡∏£‡∏≤‡∏Ñ‡∏≤‡πÄ‡∏ó‡πà‡∏≤‡πÑ‡∏£ 2.‡πÄ‡∏£‡∏µ‡∏¢‡∏ô‡∏´‡∏ô‡∏±‡∏Å‡∏°‡∏≤‡∏Å‡πÜ‡∏°‡∏±‡πâ‡∏¢ 3.‡∏°‡∏µ‡∏™‡∏≤‡∏¢‡∏≠‡∏∞‡πÑ‡∏£‡∏ö‡πâ‡∏≤‡∏á‡∏Ñ‡∏∞?? 4.‡∏°‡∏µ‡∏ó‡∏∏‡∏ô‡∏ô‡∏±‡∏Å‡πÄ‡∏£‡∏µ‡∏¢‡∏ô‡πÅ‡∏•‡∏Å‡πÄ‡∏õ‡∏•‡∏µ‡πà‡∏¢‡∏ô‡∏°‡∏±‡πâ‡∏¢‡∏¢?,https://pantip.com/topic/40522121,"Mon, 15 Feb 2021 14:47:13 +0700"
34,‡πÉ‡∏´‡πâ‡∏î‡πâ‡∏ß‡∏¢‡∏Ñ‡∏ß‡∏≤‡∏°‡πÄ‡∏™‡∏ô‡πà‡∏´‡∏≤ ‡πÅ‡∏ï‡πà‡πÄ‡∏Ç‡∏≤‡∏Ç‡∏π‡πà‡∏à‡∏∞‡πÑ‡∏õ‡πÅ‡∏à‡πâ‡∏á‡∏Ñ‡∏ß‡∏≤‡∏°,‡∏Ñ‡∏∑‡∏≠ ‡∏Å‡∏±‡∏ö‡∏Ñ‡∏ö‡∏Å‡∏±‡∏ö‡πÅ‡∏ü‡∏ô‡∏Ñ‡∏ô‡∏ô‡∏µ‡πâ ‡πÑ‡∏î‡πâ2-3 ‡∏™‡∏±‡∏õ‡∏î‡∏≤‡∏´‡πå ‡πÅ‡∏ï‡πà‡πÄ‡∏Ç‡∏≤‡∏Ñ‡∏•‡∏±‡πà‡∏á‡∏£‡∏±‡∏Å‡πÄ‡∏£‡∏≤‡∏°‡∏≤‡∏Å ‡πÅ‡∏•‡πâ‡∏ß‡πÄ‡∏£‡∏≤‡∏à‡∏∞‡πÄ‡∏•‡∏¥‡∏Å‡∏Å‡∏±‡∏ö‡πÄ‡∏Ç‡∏≤ ‡πÄ‡∏û‡∏£‡∏≤‡∏∞‡∏à‡∏∞‡πÑ‡∏õ‡∏ó‡∏≥‡∏á‡∏≤‡∏ô‡∏Å‡∏•‡∏≤‡∏á‡∏Ñ‡∏∑‡∏ô ‡πÄ‡∏£‡∏≤‡∏°‡∏µ‡∏Ñ‡∏ß‡∏≤‡∏°‡∏à‡∏≥‡πÄ‡∏õ‡πá‡∏ô‡∏ï‡πâ‡∏≠‡∏á‡πÉ‡∏ä‡πâ‡πÄ‡∏á‡∏¥‡∏ô ‡πÅ‡∏ï‡πà‡πÄ‡∏Ç‡∏≤‡∏ö‡∏≠‡∏Å‡∏ß‡πà‡∏≤ ‡∏ñ‡πâ‡∏≤‡πÄ‡∏Ç‡∏≤‡πÄ‡∏≠‡∏≤‡πÄ‡∏á‡∏¥‡∏ô‡πÉ‡∏´‡πâ ‡∏™‡∏±‡∏ç‡∏ç‡∏≤‡πÑ‡∏î‡πâ‡πÑ‡∏´‡∏° ‡∏ß‡πà‡∏≤‡∏à‡∏∞‡πÑ‡∏°‡πà‡πÑ‡∏õ‡∏ó‡∏≥‡∏á‡∏≤‡∏ô‡∏Å‡∏•‡∏≤‡∏á‡∏Ñ‡∏∑‡∏ô ‡πÅ‡∏•‡πâ‡∏ß‡πÄ‡∏Ç‡∏≤‡∏Å‡πá,https://pantip.com/topic/40522120,"Mon, 15 Feb 2021 14:47:02 +0700"
35,‡∏õ‡∏≤‡∏Å‡∏ö‡∏≠‡∏Å‡∏ß‡πà‡∏≤‡∏Ñ‡∏¥‡∏î‡∏Å‡∏±‡∏ö‡πÄ‡∏£‡∏≤‡πÄ‡πÄ‡∏Ñ‡πà‡∏û‡∏µ‡πà‡∏ô‡πâ‡∏≠‡∏á ‡πÄ‡πÄ‡∏ï‡πà‡∏Å‡∏≤‡∏£‡∏Å‡∏£‡∏∞‡∏ó‡∏≥‡∏°‡∏±‡∏ô‡πÄ‡∏Å‡∏¥‡∏ô‡∏Ñ‡∏≥‡∏ß‡πà‡∏≤‡∏û‡∏µ‡πà‡∏ô‡πâ‡∏≠‡∏á ?????,,https://pantip.com/topic/40522119,"Mon, 15 Feb 2021 14:45:48 +0700"
36,‡∏ò‡∏ô‡∏≤‡∏Ñ‡∏≤‡∏£‡∏™‡∏µ‡∏ô‡πâ‡∏≥‡πÄ‡∏á‡∏¥‡∏ô‡πÄ‡∏Ñ‡πâ‡∏≤‡∏°‡∏µ‡∏ö‡∏£‡∏¥‡∏Å‡∏≤‡∏£‡πÄ‡∏õ‡∏¥‡∏î‡∏ö‡∏±‡∏ô‡∏ä‡∏µ‡πÑ‡∏´‡πâ‡∏•‡∏π‡∏Å‡∏Ñ‡πâ‡∏≤‡∏î‡πâ‡∏ß‡∏¢‡∏´‡∏£‡∏≠?,‡∏û‡∏≠‡∏î‡∏µ‡∏°‡∏µ‡∏û‡∏ô‡∏±‡∏Å‡∏á‡∏≤‡∏ô‡∏ú‡∏π‡πâ‡∏´‡∏ç‡∏¥‡∏á‡∏°‡∏≤‡∏ñ‡∏≤‡∏°‡πÄ‡∏£‡∏≤‡∏ß‡πà‡∏≤‡∏™‡∏ô‡πÉ‡∏à‡πÄ‡∏õ‡∏¥‡∏î‡∏ö‡∏±‡∏ô‡∏ä‡∏µ‡∏°‡∏±‡πâ‡∏¢‡πÉ‡∏ä‡πâ‡πÅ‡∏Ñ‡πà‡∏ö‡∏±‡∏ï‡∏£‡∏õ‡∏õ‡∏ä.‡∏≠‡∏¢‡πà‡∏≤‡∏á‡πÄ‡∏î‡∏µ‡∏¢‡∏ß‡πÄ‡∏î‡∏µ‡πã‡∏¢‡∏ß‡πÄ‡∏Ñ‡πâ‡∏≤‡∏à‡∏∞‡∏ó‡∏≥‡πÑ‡∏´‡πâ ‡∏°‡∏≤‡∏´‡∏•‡∏≤‡∏¢‡πÅ‡∏•‡πâ‡∏ß‡πÅ‡∏•‡πâ‡∏ß‡πÄ‡∏£‡∏≤‡∏Å‡∏•‡∏±‡∏ß‡πÄ‡∏•‡∏¢‡∏£‡∏≠‡∏á‡∏°‡∏≤‡∏õ‡∏£‡∏∂‡∏Å‡∏©‡∏≤‡πÄ‡∏û‡∏∑‡πà‡∏≠‡∏ô‡πÜ‡∏î‡∏π‡∏Å‡∏≤‡∏£‡πÄ‡∏õ‡∏¥‡∏î‡∏ö‡∏±‡∏ô‡∏ä‡∏µ‡∏°‡∏±‡∏ô‡∏ï‡πâ‡∏≠‡∏á‡πÄ‡∏à‡πâ‡∏≤‡∏ï‡∏±‡∏ß‡πÄ‡∏õ‡∏¥‡∏î‡πÄ‡∏≠‡∏á‡πÑ‡∏°‡πà‡πÉ‡∏ä‡πà‡∏´‡∏£‡∏≠‡∏Ñ‡∏∞?,https://pantip.com/topic/40522118,"Mon, 15 Feb 2021 14:45:26 +0700"
37,‡∏Å‡∏¥‡∏ô‡∏¢‡∏≤‡∏Ñ‡∏∏‡∏°‡∏ú‡∏¥‡∏î‡∏ß‡∏±‡∏ô,‡∏™‡∏ß‡∏±‡∏™‡∏î‡∏µ‡∏Ñ‡πà‡∏∞ ‡∏û‡∏≠‡∏î‡∏µ‡∏ß‡πà‡∏≤‡∏Ñ‡∏£‡∏ö‡∏Å‡∏≥‡∏´‡∏ô‡∏î‡∏ï‡πâ‡∏≠‡∏á‡πÄ‡∏£‡∏¥‡πà‡∏°‡∏Å‡∏¥‡∏ô‡∏¢‡∏≤‡πÅ‡∏ú‡∏á‡πÉ‡∏´‡∏°‡πà‡πÅ‡∏•‡πâ‡∏ß‡∏Ñ‡πà‡∏∞ ‡∏ß‡∏±‡∏ô‡∏ô‡∏µ‡πâ‡πÄ‡∏õ‡πá‡∏ô‡∏ß‡∏±‡∏ô‡∏à‡∏±‡∏ô‡∏ó‡∏£‡πå‡∏Ñ‡πà‡∏∞ ‡∏õ‡∏Å‡∏ï‡∏¥‡∏à‡∏∞‡πÄ‡∏£‡∏¥‡πà‡∏°‡∏Å‡∏¥‡∏ô‡∏ß‡∏±‡∏ô‡∏à‡∏±‡∏ô‡∏ó‡∏£‡πå ‡πÅ‡∏ï‡πà‡∏î‡∏±‡∏ô‡∏•‡∏∑‡∏°‡∏ß‡∏±‡∏ô‡∏Ñ‡πà‡∏∞‡∏ô‡∏∂‡∏Å‡∏ß‡πà‡∏≤‡∏ß‡∏±‡∏ô‡∏ô‡∏µ‡πâ‡πÄ‡∏õ‡πá‡∏ô‡∏ß‡∏±‡∏ô‡∏≠‡∏±‡∏á‡∏Ñ‡∏≤‡∏£‡πÄ‡∏•‡∏¢‡∏Å‡∏¥‡∏ô‡πÑ‡∏õ2‡πÄ‡∏°‡πá‡∏î‡πÄ‡∏•‡∏¢‡∏Ñ‡πà‡∏∞ ‡∏Å‡∏¥‡∏ô‡πÄ‡∏™‡∏£‡πá‡∏à‡∏õ‡∏∏‡πâ‡∏ö! ‡∏ô‡∏∂‡∏Å‡∏Ç‡∏∂‡πâ‡∏ô‡πÑ‡∏î‡πâ‡πÄ‡∏•‡∏¢‡∏Ñ‡πà‡∏∞‡∏ß‡πà‡∏≤‡∏Å‡∏¥‡∏ô‡∏¢‡∏≤‡∏ú,https://pantip.com/topic/40522117,"Mon, 15 Feb 2021 14:45:20 +0700"
38,‡πÄ‡∏Ç‡πâ‡∏≤‡∏™‡∏π‡πà‡∏£‡∏∞‡∏ö‡∏ö ‡πÅ‡∏≠‡∏û‡∏ò‡∏ô‡∏≤‡∏Ñ‡∏≤‡∏£‡∏ò‡∏ô‡∏≤‡∏ä‡∏≤‡∏ï‡πÑ‡∏°‡πà‡πÑ‡∏î‡πâ,‡∏Ñ‡∏∑‡∏≠‡∏ú‡∏°‡πÄ‡∏Ç‡πâ‡∏≤‡πÅ‡∏≠‡∏õ‡∏ò‡∏ô‡∏≤‡∏Ñ‡∏≤‡πÄ‡πÄ‡∏Ñ‡πà‡πÄ‡∏Ñ‡∏£‡∏∑‡∏≠‡∏á‡πÄ‡∏î‡∏µ‡∏¢‡∏ß‡∏≠‡πâ‡∏∞‡∏Ñ‡∏±‡∏ö‡πÅ‡∏ï‡πà‡∏ô‡πâ‡∏≠‡∏á‡πÑ‡∏õ‡∏•‡∏ö‡∏ó‡∏¥‡πâ‡∏á ‡∏û‡∏≠‡πÇ‡∏´‡∏•‡∏î‡∏Å‡∏•‡∏±‡∏ö‡∏°‡∏≤‡πÑ‡∏´‡∏°‡πà‡∏°‡∏±‡∏ô‡∏ö‡∏≠‡∏Å‡∏ß‡πà‡∏≤ ‡πÑ‡∏°‡πà‡∏™‡∏≤‡∏°‡∏≤‡∏£‡∏ñ ‡πÄ‡∏Ç‡πâ‡∏≤‡∏™‡∏π‡πà‡∏£‡∏∞‡∏ö‡∏ö‡πÑ‡∏î‡πâ‡πÄ‡∏ô‡∏∑‡πà‡∏≠‡∏á‡∏à‡∏≤‡∏Å ‡πÄ‡∏Å‡∏¥‡∏ô‡∏à‡∏≥‡∏ô‡∏ß‡∏ô‡∏ó‡∏µ‡πà‡∏£‡∏∞‡∏ö‡∏ö‡∏£‡∏≠‡∏á‡∏£‡∏±‡∏ö ‡πÅ‡∏ö‡∏ö‡∏ô‡∏µ‡πâ‡∏ï‡πâ‡∏≠‡∏á‡∏ó‡∏≥‡πÑ‡∏á‡∏≠‡πâ‡∏∞‡∏Ñ‡∏±‡∏ö ‡πÄ‡∏Ç‡πâ‡∏≤‡πÑ‡∏°‡πà‡πÑ‡∏î‡πâ‡πÄ‡∏•‡∏¢,https://pantip.com/topic/40522116,"Mon, 15 Feb 2021 14:45:10 +0700"
39,‡∏ó‡∏´‡∏≤‡∏£‡∏Å‡∏≠‡∏á‡∏ó‡∏±‡∏û‡∏™‡∏´‡∏£‡∏±‡∏ê‡∏ñ‡∏π‡∏Å‡∏à‡∏±‡∏ö‡πÉ‡∏ô‡∏Ç‡πâ‡∏≠‡∏´‡∏≤‡∏û‡∏¢‡∏≤‡∏¢‡∏≤‡∏°‡∏ä‡πà‡∏ß‡∏¢ ISIS ‡∏ó‡∏≥‡∏Å‡∏≤‡∏£‡∏ã‡∏∏‡πà‡∏°‡πÇ‡∏à‡∏°‡∏ï‡∏µ‡∏Å‡∏≠‡∏á‡∏ó‡∏´‡∏≤‡∏£‡∏™‡∏´‡∏£‡∏±‡∏ê‡∏Ø,‡∏ó‡∏´‡∏≤‡∏£‡∏Å‡∏≠‡∏á‡∏ó‡∏±‡∏û‡∏™‡∏´‡∏£‡∏±‡∏ê‡∏Ø‡∏ñ‡∏π‡∏Å‡∏à‡∏±‡∏ö‡∏Å‡∏∏‡∏°‡πÇ‡∏î‡∏¢ FBI ‡πÉ‡∏ô‡∏Ç‡πâ‡∏≠‡∏´‡∏≤‡∏û‡∏¢‡∏≤‡∏¢‡∏≤‡∏°‡∏ä‡πà‡∏ß‡∏¢ ISIS ‡∏ß‡∏≤‡∏á‡πÅ‡∏ú‡∏ô‡∏ó‡∏≥‡∏Å‡∏≤‡∏£‡∏ã‡∏∏‡πà‡∏°‡πÇ‡∏à‡∏°‡∏ï‡∏µ‡∏Å‡∏≠‡∏á‡∏ó‡∏´‡∏≤‡∏£‡∏™‡∏´‡∏£‡∏±‡∏ê‡∏Ø‡πÉ‡∏ô‡∏ï‡∏∞‡∏ß‡∏±‡∏ô‡∏≠‡∏≠‡∏Å‡∏Å‡∏•‡∏≤‡∏á ‡πÅ‡∏•‡∏∞‡∏Å‡∏≤‡∏£‡∏Å‡πà‡∏≠‡∏Å‡∏≤‡∏£‡∏£‡πâ‡∏≤‡∏¢‡πÉ‡∏ô‡∏≠‡πÄ‡∏°‡∏£‡∏¥‡∏Å‡∏≤ ‡∏ó‡∏´‡∏≤‡∏£‡∏°‡πâ‡∏≤ (‡∏™‡∏≠‡∏î‡πÅ‡∏ô‡∏° ) Cole James Bridges ‡∏™‡∏±‡∏á‡∏Å‡∏±‡∏î ‡∏Å‡∏≠‡∏á‡∏ó‡∏´‡∏≤‡∏£‡∏£‡∏≤‡∏ö‡∏ó‡∏µ‡πà 3 ‡∏ï‡∏±‡∏ß‡πÄ‡∏Ñ‡πâ‡∏≤‡πÄ‡∏£‡∏¥,https://pantip.com/topic/40522115,"Mon, 15 Feb 2021 14:45:04 +0700"
40,"""‡∏û‡∏µ‡πà‡πÇ‡∏°‡∏ö‡∏≤‡∏¢‡∏•‡πå""‡∏Ñ‡∏£‡∏±‡∏ö",https://www.instagram.com/p/CLS_8huJseE/?igshid=lvhxcl2l7you,https://pantip.com/topic/40522114,"Mon, 15 Feb 2021 14:44:30 +0700"
41,‡∏≠‡∏¢‡∏≤‡∏Å‡∏ñ‡∏≤‡∏°‡∏ß‡πà‡∏≤‡πÄ‡∏£‡∏∑‡πà‡∏≠‡∏á‡∏ô‡∏µ‡πà‡∏Ñ‡∏∑‡∏≠‡πÄ‡∏£‡∏∑‡πà‡∏≠‡∏á‡∏≠‡∏∞‡πÑ‡∏£?,‡∏≠‡∏¢‡∏≤‡∏Å‡∏ñ‡∏≤‡∏°‡∏ß‡πà‡∏≤‡πÄ‡∏£‡∏∑‡πà‡∏≠‡∏á‡∏ô‡∏µ‡πà‡∏Ñ‡∏∑‡∏≠‡πÄ‡∏£‡∏∑‡πà‡∏≠‡∏á‡∏≠‡∏∞‡πÑ‡∏£? https://twitter.com/eriol_S2/status/1324730930519371776?s=09,https://pantip.com/topic/40522113,"Mon, 15 Feb 2021 14:43:35 +0700"
42,‡∏ä‡πà‡∏ß‡∏¢‡∏î‡πâ‡∏ß‡∏¢‡∏Ñ‡∏£‡∏±‡∏ö ‡∏ï‡πâ‡∏ô‡πÑ‡∏°‡πâ‡πÉ‡∏ö‡πÅ‡∏´‡πâ‡∏á ‡∏£‡πà‡∏ß‡∏á ‡∏ï‡∏≤‡∏°‡πÜ‡∏Å‡∏±‡∏ô‡πÄ‡∏•‡∏¢,‡∏ï‡πâ‡∏ô‡πÑ‡∏°‡πâ‡∏ó‡∏µ‡πà‡∏ö‡πâ‡∏≤‡∏ô‡πÉ‡∏ö‡πÅ‡∏´‡πâ‡∏á‡πÅ‡∏•‡πâ‡∏ß‡∏Å‡πá‡∏Ñ‡πà‡∏≤‡∏¢‡πÜ‡∏£‡πà‡∏ß‡∏á‡∏ï‡∏≤‡∏°‡πÜ‡∏Å‡∏±‡∏ô‡πÑ‡∏õ‡∏Ñ‡∏£‡∏±‡∏ö ‡∏£‡∏ö‡∏Å‡∏ß‡∏ô‡∏ú‡∏π‡πâ‡∏£‡∏π‡πâ‡∏ä‡πà‡∏ß‡∏¢‡∏î‡πâ‡∏ß‡∏¢,https://pantip.com/topic/40522112,"Mon, 15 Feb 2021 14:42:46 +0700"
43,‡∏ï‡∏≤‡∏°‡∏´‡∏≤‡∏Å‡∏≤‡∏£‡πå‡∏ï‡∏π‡∏ô‡πÅ‡∏°‡∏ß‡πÄ‡∏£‡∏∑‡πà‡∏≠‡∏á‡∏´‡∏ô‡∏∂‡πà‡∏á‡∏õ‡∏£‡∏∞‡∏°‡∏≤‡∏ì‡∏ä‡πà‡∏ß‡∏á‡πÄ‡∏Å‡∏∑‡∏≠‡∏ö5‡∏õ‡∏µ ??????,‡πÄ‡∏ô‡∏∑‡πâ‡∏≠‡∏´‡∏≤‡∏õ‡∏£‡∏∞‡∏°‡∏≤‡∏ì‡∏ô‡πâ‡∏≠‡∏á‡πÅ‡∏°‡∏ß‡πÅ‡∏≠‡∏ö‡∏Å‡∏¥‡∏ô‡∏≠‡∏∞‡πÑ‡∏£‡∏™‡∏±‡∏Å‡∏≠‡∏¢‡πà‡∏≤‡∏á‡∏à‡∏ô‡∏ï‡∏±‡∏ß‡πÉ‡∏´‡∏ç‡πà‡∏ó‡∏∞‡∏•‡∏∏‡∏Å‡∏≥‡πÅ‡∏û‡∏á‡∏ö‡πâ‡∏≤‡∏ô ‡∏à‡∏ô‡∏°‡∏µ‡∏ô‡∏≤‡∏á‡∏ü‡πâ‡∏≤‡∏°‡∏≤‡∏ä‡πà‡∏ß‡∏¢‡πÄ‡∏™‡∏Å‡πÉ‡∏´‡πâ‡∏ô‡πâ‡∏≠‡∏á‡∏ï‡∏±‡∏ß‡πÄ‡∏•‡πá‡∏Å‡∏•‡∏á‡πÅ‡∏•‡∏∞‡∏≠‡∏∏‡πâ‡∏°‡∏ô‡πâ‡∏≠‡∏á ‡∏ñ‡πâ‡∏≤‡∏à‡∏≥‡πÑ‡∏°‡πà‡∏ú‡∏¥‡∏î‡πÄ‡∏´‡∏°‡∏∑‡∏≠‡∏ô‡∏à‡∏∞‡∏≠‡∏∏‡πâ‡∏°‡πÅ‡∏•‡∏∞‡∏Ç‡∏∂‡πâ‡∏ô‡∏Å‡πâ‡∏≠‡∏ô‡πÄ‡∏°‡∏Ü‡πÑ‡∏õ‡∏ö‡∏ô‡∏ó‡πâ‡∏≠‡∏á‡∏ü‡πâ‡∏≤‡∏•‡∏∞‡∏ä‡πà‡∏ß‡∏á‡∏ô‡∏±‡πâ‡∏ô‡πÅ‡∏´‡∏•‡∏∞‡∏à‡∏∞‡∏°‡∏µ‡πÄ‡∏û‡∏•‡∏á‡∏õ‡∏£‡∏∞‡∏Å‡∏≠‡∏ö ‡πÉ‡∏Ñ‡∏£‡∏£‡∏π‡πâ‡∏ö‡∏≠‡∏Å‡∏´‡∏ô‡πà‡∏≠‡∏¢‡∏≠,https://pantip.com/topic/40522111,"Mon, 15 Feb 2021 14:42:25 +0700"
44,‡∏≠‡∏≠‡∏Å‡∏Å‡∏≥‡∏•‡∏±‡∏á‡∏Å‡∏≤‡∏¢‡πÄ‡∏û‡∏¥‡πà‡∏°‡∏ô‡πâ‡∏≥‡∏´‡∏ô‡∏±‡∏Å,‡∏ú‡∏°‡∏™‡∏π‡∏á152‡∏´‡∏ô‡∏±‡∏Å44.‡∏Å‡∏¥‡πÇ‡∏•‡∏ï‡∏≠‡∏ô‡πÄ‡∏£‡∏¥‡πà‡∏°‡∏≠‡∏≠‡∏Å‡∏Å‡∏≥‡∏•‡∏±‡∏á‡∏Å‡∏≤‡∏¢‡πÅ‡∏•‡∏∞‡∏Å‡∏¥‡∏ô‡πÉ‡∏Ç‡πà‡∏°‡∏≤‡∏Å‡∏Ç‡∏∂‡πâ‡∏ô‡πÇ‡∏î‡∏¢‡∏Å‡∏¥‡∏ô‡πÑ‡∏Ç‡πà‡∏≠‡∏¢‡πà‡∏≤‡∏á‡∏ô‡πâ‡∏≠‡∏¢‡πÑ‡∏´‡πâ‡πÑ‡∏î‡πâ‡∏ß‡∏±‡∏ô‡∏•‡∏∞6-8‡∏ü‡∏≠‡∏á‡∏ï‡πà‡∏≠‡∏ß‡∏±‡∏ô‡∏™‡πà‡∏ß‡∏ô‡∏Ç‡πâ‡∏≤‡∏ß‡∏Å‡πá‡∏Å‡∏¥‡∏ô‡∏õ‡∏£‡∏∞‡∏°‡∏≤‡∏ì700-800‡∏Å‡∏£‡∏±‡∏°‡∏ó‡∏∏‡∏Å‡∏°‡∏∑‡πâ‡∏≠(‡∏õ‡∏Å‡∏ï‡∏¥‡∏ú‡∏°‡∏Å‡πá‡∏Å‡∏¥‡∏ô‡∏Ç‡πâ‡∏≤‡∏ß‡πÄ‡∏ó‡πâ‡∏≤‡∏ô‡∏µ‡πâ‡πÅ‡∏ï‡πà‡πÑ‡∏Ç‡πà‡πÑ‡∏°‡πà‡∏Ñ‡πà‡∏≠‡∏¢‡∏Å‡∏¥‡∏ô)‡∏ú‡πà‡∏≤‡∏ô‡πÑ‡∏õ15‡∏ß‡∏±‡∏ô‡πÄ‡∏û‡∏¥‡πà‡∏°‡πÄ‡∏õ‡πá‡∏ô46‡∏Å‡∏Å.‡∏Ñ‡∏∑‡∏≠,https://pantip.com/topic/40522110,"Mon, 15 Feb 2021 14:42:11 +0700"
45,‡∏ä‡∏≠‡∏öMV‡πÑ‡∏´‡∏ô‡∏Ç‡∏≠‡∏áBLACKPINK‡∏°‡∏≤‡∏Å‡∏ó‡∏µ‡πà‡∏™‡∏∏‡∏î,‡∏ï‡∏≤‡∏°‡∏´‡∏±‡∏ß‡∏Ç‡πâ‡∏≠‡πÄ‡∏•‡∏¢‡∏Ñ‡πà ‡∏™‡πà‡∏ß‡∏ô‡∏ï‡∏±‡∏ß‡∏ä‡∏≠‡∏ölovesicks girl‡∏Å‡∏±‡∏öhow you like that‡∏°‡∏≤‡∏Å‡∏ó‡∏µ‡πà‡∏™‡∏∏‡∏î,https://pantip.com/topic/40522109,"Mon, 15 Feb 2021 14:41:40 +0700"
46,‡∏≠‡∏¢‡∏≤‡∏Å‡πÑ‡∏î‡πâ‡∏ä‡∏∑‡πà‡∏≠‡∏•‡∏π‡∏Å‡∏ó‡∏µ‡πà‡∏°‡∏µ‡∏ó‡∏±‡πâ‡∏á ‡∏≠‡πÅ‡∏•‡∏∞‡∏ï,‡∏ï‡∏≤‡∏°‡∏ô‡∏±‡πâ‡∏ô‡πÄ‡∏•‡∏¢‡∏Ñ‡πà‡∏∞ ‡∏Ç‡∏≠2‡∏ä‡∏∑‡πà‡∏≠‡∏ô‡∏∞‡∏Ñ‡∏∞ ‡∏ô‡πâ‡∏≠‡∏á‡πÅ‡∏ù‡∏î‡∏ä‡∏≤‡∏¢‡∏ä‡∏≤‡∏¢‡∏Ñ‡πâ‡∏≤‡∏ö^^ ‡πÅ‡∏°‡πà‡∏ä‡∏∑‡πà‡∏≠‡πÑ‡∏≠‡∏ï‡∏¥‡∏° ‡∏û‡πà‡∏≠‡∏ä‡∏∑‡πà‡∏≠‡∏≠‡∏≤‡∏£‡πå‡∏ó‡∏Ñ‡πà‡∏∞ ‡∏°‡∏µ‡πÉ‡∏ô‡πÉ‡∏à‡∏ß‡πà‡∏≤‡∏ô‡πâ‡∏≠‡∏á‡∏≠‡∏≠‡πÇ‡∏ï‡πâ ‡∏Ñ‡∏¥‡∏î‡πÑ‡∏î‡πâ‡πÅ‡∏Ñ‡πà‡∏ä‡∏∑‡∏≠‡πÄ‡∏î‡∏µ‡∏¢‡∏ß5555 ‡πÄ‡∏î‡∏µ‡πã‡∏¢‡∏ß‡∏ô‡πâ‡∏≠‡∏á‡∏≠‡∏µ‡∏Å‡∏Ñ‡∏ô‡∏à‡∏∞‡∏ô‡πâ‡∏≠‡∏¢‡πÉ‡∏à ‡πÅ‡∏á‡πâ‡∏á‡∏áüòÖ ‡∏≠‡∏µ‡∏Å‡∏Ñ‡∏ô‡πÄ‡∏£‡∏≤‡∏≠‡∏¢‡∏≤‡∏Å‡πÉ‡∏´‡πâ‡∏ä‡∏∑‡πà‡∏≠‡∏ï‡∏¥‡∏ì‡∏ì‡πå‡∏ô‡∏∞ ‡πÅ‡∏ï‡πà‡∏Ñ‡∏ô‡∏û‡πà‡∏≠‡∏ö‡∏≠‡∏Å‡∏ß‡πà‡∏≤‡∏á‡∏±‡πâ‡∏ô‡∏Å‡πá‡∏°‡∏µ‡πÅ‡∏Ñ‡πà,https://pantip.com/topic/40522108,"Mon, 15 Feb 2021 14:41:36 +0700"
47,‡πÄ‡∏Ñ‡∏¢‡∏•‡∏≠‡∏á‡∏ó‡∏≥‡∏ù‡∏£‡∏±‡πà‡∏á‡∏Ñ‡∏•‡∏∏‡∏Å‡∏ö‡πä‡∏ß‡∏¢‡∏™‡∏π‡∏ï‡∏£‡πÑ‡∏´‡∏ô‡∏Å‡∏±‡∏ô‡∏ö‡πâ‡∏≤‡∏á‡∏Ñ‡∏∞,‡πÄ‡∏°‡∏ô‡∏π ‡∏ù‡∏£‡∏±‡πà‡∏á‡∏Ñ‡∏•‡∏∏‡∏Å‡∏ö‡πä‡∏ß‡∏¢‡∏™‡∏π‡∏ï‡∏£‡∏Ç‡∏≠‡∏á‡πÄ‡∏£‡∏≤‡∏Ñ‡πà‡∏∞ ‡∏™‡∏π‡∏ï‡∏£‡πÅ‡∏ö‡∏ö‡∏ö‡πâ‡∏≤‡∏ô‡πÜ ‡∏ó‡∏≥‡∏ó‡∏≤‡∏ô‡πÄ‡∏≠‡∏á ‡∏ù‡∏£‡∏±‡πà‡∏á 2 ‡∏•‡∏π‡∏Å ‡∏ö‡πä‡∏ß‡∏¢‡∏î‡∏≠‡∏á 1 ‡∏•‡∏π‡∏Å ‡∏ô‡πâ‡∏≥‡∏ö‡πä‡∏ß‡∏¢‡∏î‡∏≠‡∏á 3 ‡∏ä‡∏ä. ‡∏ö‡πä‡∏ß‡∏¢‡πÄ‡∏Ñ‡πá‡∏° 6 ‡πÄ‡∏°‡πá‡∏î ‡∏ô‡πâ‡∏≥‡πÄ‡∏ä‡∏∑‡πà‡∏≠‡∏° 6 ‡∏ä‡∏ä. ‡πÄ‡∏Å‡∏•‡∏∑‡∏≠‡∏ó‡∏∞‡πÄ‡∏• 1 ‡∏ä‡∏ä. ‡∏ß‡∏¥‡∏ò‡∏µ‡∏ó‡∏≥ 1. ‡πÄ‡∏â‡∏≤‡∏∞‡∏ù‡∏£‡∏±‡πà‡∏á‡πÅ‡∏Ç‡πà‡πÄ‡∏¢‡πá‡∏ô‡∏ó‡∏±‡πâ‡∏á‡∏•‡∏π‡∏Å ‡∏õ‡∏≠‡∏Å‡πÄ‡∏õ‡∏•‡∏∑‡∏≠‡∏Å ‡πÅ‡∏•‡πâ‡∏ß‡∏ô‡∏≥‡∏°‡∏≤‡πÅ‡∏ä‡πà,https://pantip.com/topic/40522107,"Mon, 15 Feb 2021 14:41:22 +0700"
48,‡∏¢‡∏∑‡∏ô‡∏¢‡∏±‡∏ô‡∏ï‡∏±‡∏ß‡∏ï‡∏ô G wallet,‡∏´‡∏•‡∏±‡∏á‡∏à‡∏≤‡∏Å‡πÅ‡∏™‡∏Å‡∏ô‡∏ö‡∏±‡∏ï‡∏£‡∏õ‡∏£‡∏∞‡∏ä‡∏≤‡∏ä‡∏ô ‡∏Å‡∏£‡∏≠‡∏Å otp ‡πÅ‡∏•‡πâ‡∏ß‡πÅ‡∏™‡∏Å‡∏ô‡∏´‡∏ô‡πâ‡∏≤‡πÄ‡∏™‡∏£‡πá‡∏à ‡∏´‡∏•‡∏±‡∏á‡∏à‡∏≤‡∏Å‡∏ô‡∏±‡πâ‡∏ô ‡πÄ‡∏£‡∏≤‡∏ï‡πâ‡∏≠‡∏á‡∏£‡∏≠ ‡∏Å‡∏≤‡∏£‡∏ï‡∏£‡∏ß‡∏à‡∏™‡∏≠‡∏ö‡∏ú‡πà‡∏≤‡∏ôsms ‡∏ô‡∏≤‡∏ô‡πÑ‡∏´‡∏° ‡∏ß‡πà‡∏≤‡πÄ‡∏£‡∏≤ ‡∏¢‡∏∑‡∏ô‡∏¢‡∏±‡∏ô‡∏ï‡∏±‡∏ß‡∏ï‡∏ô‡∏ú‡πà‡∏≤‡∏ô,https://pantip.com/topic/40522106,"Mon, 15 Feb 2021 14:41:05 +0700"
49,‡πÄ‡∏£‡∏≤‡∏ô‡∏∞,‡∏Ñ‡∏∑‡∏≠‡∏´‡∏ô‡∏π‡πÄ‡∏≠‡∏≤‡πÄ‡∏ö‡∏≠‡∏£‡πå‡πÇ‡∏ó‡∏£‡∏ó‡∏µ‡πà‡∏™‡∏°‡∏±‡∏Ñ‡∏£‡∏Ñ‡∏ô‡∏•‡∏∞‡∏Ñ‡∏£‡∏∂‡πà‡∏á ‡πÅ‡∏•‡πâ‡∏ß‡∏°‡∏≤‡∏ó‡∏≥‡πÄ‡∏£‡∏≤‡∏ä‡∏ô‡∏∞ ‡πÅ‡∏ï‡πà‡∏ö‡∏±‡∏ï‡∏£‡∏õ‡∏£‡∏∞‡∏ä‡∏≤‡∏ä‡∏ô‡∏Ñ‡∏ô‡∏•‡πà‡∏∞‡∏Ñ‡∏ô‡∏Ñ‡πà‡∏∞ ‡πÅ‡∏ï‡πà‡πÄ‡∏ö‡∏≠‡∏£‡πå‡πÄ‡∏î‡∏µ‡∏¢‡∏ß‡∏Å‡∏±‡∏ô‡∏Ñ‡πà‡∏∞ ‡∏ï‡πâ‡∏≠‡∏á‡∏ó‡∏≥‡πÑ‡∏á‡∏Ñ‡πà‡∏∞,https://pantip.com/topic/40522105,"Mon, 15 Feb 2021 14:40:48 +0700"
50,"‡∏°‡∏´‡∏Å‡∏£‡∏£‡∏°‡πÑ‡∏Å‡∏•‡πà‡πÄ‡∏Å‡∏•‡∏µ‡πà‡∏¢‡∏´‡∏ô‡∏µ‡πâ "" ‡πÑ‡∏î‡πâ‡∏õ‡∏£‡∏∞‡∏™‡∏≤‡∏ô‡∏á‡∏≤‡∏ô ‡∏Å‡πà‡∏≠‡∏ô‡∏à‡∏∞‡∏à‡∏±‡∏î‡πÇ‡∏Ñ‡∏£‡∏á‡∏Å‡∏≤‡∏£ ‡∏°‡∏±‡πâ‡∏¢‡∏Ñ‡∏£‡∏±‡∏ö""",‡∏û‡∏≠‡∏î‡∏µ ‡πÄ‡∏´‡πá‡∏ô‡∏ß‡πà‡∏≤‡πÄ‡∏Ç‡πâ‡∏≤‡∏£‡πà‡∏ß‡∏°‡∏ó‡∏±‡πâ‡∏á ‡∏ò‡∏ô‡∏≤‡∏Ñ‡∏≤‡∏£‡πÅ‡∏´‡πà‡∏á‡∏õ‡∏£‡∏∞‡πÄ‡∏ó‡∏®‡πÑ‡∏ó‡∏¢ ‡∏Å‡∏£‡∏°‡∏ö‡∏±‡∏á‡∏Ñ‡∏±‡∏ö‡∏Ñ‡∏î‡∏µ ‡∏ó‡∏±‡πâ‡∏á ‡∏ò‡∏ô‡∏≤‡∏Ñ‡∏≤‡∏£‡∏≠‡∏µ‡∏Å‡∏ï‡∏±‡πâ‡∏á‡∏´‡∏•‡∏≤‡∏¢‡πÅ‡∏´‡πà‡∏á ‡πÄ‡∏Ñ‡∏™‡πÅ‡∏£‡∏Å ‡∏Ñ‡πâ‡∏≤‡∏á‡∏ä‡∏≥‡∏£‡∏∞ 3‡πÄ‡∏î‡∏∑‡∏≠‡∏ô ‡πÄ‡∏Ñ‡∏™‡∏™‡∏≠‡∏á ‡∏≠‡∏¢‡∏π‡πà‡πÉ‡∏ô‡∏ä‡∏±‡πâ‡∏ô‡πÑ‡∏Å‡∏•‡πà‡πÄ‡∏Å‡∏•‡∏µ‡πà‡∏¢ ‡∏´‡∏£‡∏∑‡∏≠ ‡∏Ç‡∏∂‡πâ‡∏ô‡∏®‡∏≤‡∏•‡πÅ‡∏•‡πâ‡∏ß ‡πÄ‡∏Ñ‡∏™‡∏™‡∏≤‡∏° ‡∏≠‡∏¢‡∏π‡πà‡πÉ‡∏ô‡∏ä‡∏±‡πâ‡∏ô‡∏ö‡∏±‡∏á‡∏Ñ‡∏±‡∏ö‡∏Ñ‡∏î‡∏µ ‡πÅ‡∏ï‡πà‡∏à‡∏≤‡∏Å‡∏ß‡∏±‡∏ô‡∏ô‡∏µ‡πâ‡∏ó‡∏µ‡πà‡πÇ‡∏ó‡∏£‡∏™‡∏≠,https://pantip.com/topic/40522104,"Mon, 15 Feb 2021 14:40:12 +0700"
51,‡∏£‡∏ñ‡∏¢‡∏∏‡πÇ‡∏£‡∏õ‡∏ï‡∏±‡∏ß‡∏•‡πà‡∏≤‡∏á ‡∏´‡∏£‡∏∑‡∏≠‡∏£‡∏ñ‡∏ç‡∏µ‡πà‡∏õ‡∏∏‡πà‡∏ô‡∏ï‡∏±‡∏ß‡∏ó‡πä‡∏≠‡∏õ ‡∏Å‡∏±‡∏ö‡∏†‡∏≤‡∏û‡∏•‡∏±‡∏Å‡∏©‡∏ì‡πå‡∏Ç‡∏≠‡∏á‡∏Å‡∏≤‡∏£‡πÄ‡∏õ‡πá‡∏ô‡πÄ‡∏ã‡∏•‡∏•‡πå,‡πÄ‡∏£‡∏∑‡πà‡∏≠‡∏á‡∏°‡∏µ‡∏≠‡∏¢‡∏π‡πà‡∏ß‡πà‡∏≤ ‡πÅ‡∏ü‡∏ô‡∏ú‡∏° ‡∏≠‡∏≤‡∏¢‡∏∏ 28 ‡πÄ‡∏õ‡πá‡∏ô‡πÄ‡∏ã‡∏•‡∏•‡πå‡∏°‡∏≤ 5 ‡∏õ‡∏µ ‡∏°‡∏µ‡∏ú‡∏•‡∏á‡∏≤‡∏ô‡∏Ñ‡πà‡∏≠‡∏ô‡∏Ç‡πâ‡∏≤‡∏á‡∏î‡∏µ‡∏à‡∏∂‡∏á‡∏à‡∏∞‡πÄ‡∏•‡∏∑‡πà‡∏≠‡∏ô‡∏Ç‡∏∂‡πâ‡∏ô‡πÄ‡∏õ‡πá‡∏ô‡∏£‡∏∞‡∏î‡∏±‡∏ö‡∏´‡∏±‡∏ß‡∏´‡∏ô‡πâ‡∏≤ ‡∏ä‡πà‡∏ß‡∏á 5 ‡∏õ‡∏µ‡∏ó‡∏µ‡πà‡∏ú‡πà‡∏≤‡∏ô‡∏°‡∏≤ ‡πÅ‡∏ü‡∏ô‡∏ú‡∏°‡πÉ‡∏ä‡πâ JAZZ ‡∏ß‡∏¥‡πà‡∏á‡∏´‡∏≤‡∏•‡∏π‡∏Å‡∏Ñ‡πâ‡∏≤‡∏≠‡∏¢‡∏π‡πà ‡πÄ‡∏û‡∏£‡∏≤‡∏∞‡πÄ‡∏õ‡πá‡∏ô‡∏£‡∏ñ‡∏Ñ‡∏±‡∏ô‡πÅ‡∏£‡∏Å‡∏ó‡∏µ‡πà‡∏ã‡∏∑‡πâ‡∏≠‡∏°‡∏≤‡πÄ‡∏û‡∏∑‡πà‡∏≠‡∏ó‡∏≥‡∏á‡∏≤‡∏ô ‡∏ã‡∏∂‡πà‡∏á‡∏ú‡∏°‡πÄ‡∏Ç‡πâ‡∏≤‡πÉ‡∏à‡∏ß‡πà‡∏≤‡πÄ‡∏°,https://pantip.com/topic/40522103,"Mon, 15 Feb 2021 14:38:16 +0700"
52,‡∏ñ‡πâ‡∏≤‡πÅ‡∏Ñ‡πà OR ‡∏ö‡∏≠‡∏Å‡∏ß‡πà‡∏≤‡∏à‡∏∞‡∏£‡∏∏‡∏Å software cloud AI machine learning ‡∏î‡πâ‡∏ß‡∏¢ ‡∏ß‡∏¥‡πà‡∏á‡πÄ‡∏õ‡πá‡∏ô‡∏°‡πâ‡∏≤‡πÅ‡∏ô‡πà‡∏Æ‡∏∞,‡∏™‡∏ï‡∏≠‡∏£‡∏µ‡πà‡πÄ‡∏î‡πà‡∏ô‡∏Å‡∏ß‡πà‡∏≤ ‡∏Å‡∏±‡∏ç‡∏ä‡∏á‡∏≠‡∏µ‡∏Å‡∏ô‡∏∞‡∏Æ‡∏∞,https://pantip.com/topic/40522102,"Mon, 15 Feb 2021 14:37:54 +0700"
53,‡∏£‡∏ñ‡∏ó‡∏±‡∏ß‡∏£‡πå‡∏†‡∏π‡πÄ‡∏Å‡πá‡∏ï - ‡∏Å‡∏£‡∏∏‡∏á‡πÄ‡∏ó‡∏û,‡∏Ñ‡∏∑‡∏≠‡∏≠‡∏¢‡∏≤‡∏Å‡∏ó‡∏£‡∏≤‡∏ö‡∏ß‡πà‡∏≤ ‡∏£‡∏ñ‡∏ó‡∏±‡∏ß‡∏£‡πå‡∏†‡∏π‡πÄ‡∏Å‡πá‡∏ï‡πÑ‡∏õ‡∏Å‡∏£‡∏∏‡∏á‡πÄ‡∏ó‡∏û ( ‡∏™‡∏≤‡∏ï‡πÉ‡∏ï‡πâ‡πÉ‡∏´‡∏°‡πà ) ‡∏ú‡πà‡∏≤‡∏ô‡πÄ‡∏î‡∏≠‡∏∞‡∏°‡∏≠‡∏•‡∏ö‡∏≤‡∏á‡πÅ‡∏Ñ‡πÑ‡∏´‡∏° ‡∏£‡∏ö‡∏Å‡∏ß‡∏ô‡∏ú‡∏π‡πâ‡∏°‡∏µ‡∏õ‡∏£‡∏∞‡∏™‡∏ö‡∏Å‡∏≤‡∏£‡∏ì‡πå‡∏´‡∏ô‡πà‡∏≠‡∏¢‡∏Ñ‡πà‡∏∞,https://pantip.com/topic/40522101,"Mon, 15 Feb 2021 14:37:08 +0700"
54,‡∏Ñ‡∏¥‡∏î‡∏°‡∏≤‡∏Å‡πÄ‡∏£‡∏∑‡πà‡∏≠‡∏á‡πÅ‡∏ü‡∏ô‡πÄ‡∏Å‡πà‡∏≤‡∏Ç‡∏≠‡∏á‡πÅ‡∏ü‡∏ô‡πÄ‡∏£‡∏≤,‡∏Ñ‡∏∑‡∏≠‡πÄ‡∏£‡∏∑‡πà‡∏≠‡∏á‡∏°‡∏µ‡∏≠‡∏¢‡∏π‡πà‡πÄ‡∏£‡∏≤‡∏Å‡∏±‡∏ö‡πÅ‡∏ü‡∏ô‡∏Ñ‡∏ö‡∏Å‡∏±‡∏ô‡∏°‡∏≤‡πÑ‡∏î‡πâ‡∏™‡∏±‡∏Å‡∏û‡∏±‡∏Å‡∏ô‡∏∂‡∏á‡πÅ‡∏•‡πâ‡∏ß‡∏Ñ‡πà‡∏∞ ‡πÅ‡∏ï‡πà‡∏°‡∏µ‡∏≠‡∏¢‡∏π‡πà‡∏ä‡πà‡∏ß‡∏á‡πÜ‡πÅ‡∏£‡∏Å‡∏Ñ‡∏™‡∏û.‡∏Ç‡∏≠‡∏á‡πÄ‡∏£‡∏≤‡∏Å‡∏±‡∏ö‡πÅ‡∏ü‡∏ô‡∏°‡∏±‡∏ô‡∏Ñ‡∏•‡∏∏‡∏°‡πÄ‡∏Ñ‡∏£‡∏∑‡∏≠‡∏°‡∏≤‡∏Å‡πÜ(‡∏ï‡∏≠‡∏ô‡∏ô‡∏±‡πâ‡∏ô‡∏¢‡∏±‡∏á‡πÑ‡∏°‡πà‡πÑ‡∏î‡πâ‡πÄ‡∏õ‡πá‡∏ô‡πÅ‡∏ü‡∏ô‡∏Å‡∏±‡∏ô) ‡πÄ‡∏£‡∏≤‡∏Å‡πá‡πÄ‡∏•‡∏¢‡∏Ñ‡∏∏‡∏¢‡∏Å‡∏±‡∏ö‡∏Ñ‡∏ô‡∏≠‡∏∑‡πà‡∏ô‡πÅ‡∏•‡πâ‡∏ß‡πÄ‡∏Ç‡∏≤‡∏Å‡πá‡∏à‡∏±‡∏ö‡πÑ‡∏î‡πâ‡∏ß‡πà‡∏≤‡πÄ‡∏£‡∏≤‡∏Ñ‡∏∏‡∏¢‡∏Å‡∏±‡∏ö‡∏Ñ‡∏ô‡∏≠‡∏∑‡πà‡∏ô‡πÅ‡∏•‡πâ‡∏ß‡πÄ‡∏£‡∏≤‡πÄ‡∏≠‡∏á‡∏Å‡πá‡∏™‡∏±‡∏ç‡∏ç‡∏≤‡∏Å,https://pantip.com/topic/40522100,"Mon, 15 Feb 2021 14:36:37 +0700"
55,‡∏≠‡∏¢‡∏≤‡∏Å‡πÄ‡∏õ‡∏•‡∏µ‡πà‡∏¢‡∏ô‡∏ö‡πâ‡∏≤‡∏ô‡πÄ‡∏•‡∏Ç‡∏ó‡∏µ‡πà‡∏Ñ‡πà‡∏∞ ‡∏ô‡πâ‡∏≠‡∏á‡∏ä‡∏≤‡∏¢‡∏ã‡∏∑‡πâ‡∏≠‡∏ö‡πâ‡∏≤‡∏ô‡∏à‡∏≤‡∏Å‡∏Ñ‡∏ô‡πÉ‡∏ô‡∏´‡∏°‡∏π‡πà‡∏ö‡πâ‡∏≤‡∏ô‡∏ï‡∏≥‡∏ö‡∏•‡πÄ‡∏î‡∏µ‡∏¢‡∏ß‡∏Å‡∏±‡∏ô‡πÅ‡∏ï‡πà‡∏°‡∏±‡∏ô‡πÄ‡∏õ‡πá‡∏ô‡∏ö‡πâ‡∏≤‡∏ô‡πÄ‡∏•‡∏Ç‡∏ó‡∏µ‡πà ‡∏ó‡∏±‡∏ö‡∏à‡∏≤‡∏Å‡∏ö‡πâ‡∏≤‡∏ô‡∏Ñ‡∏ô‡∏≠‡∏∑‡πà‡∏ô,‡∏ô‡πâ‡∏≠‡∏á‡∏ä‡∏≤‡∏¢‡∏ã‡∏∑‡πâ‡∏≠‡∏ö‡πâ‡∏≤‡∏ô‡∏à‡∏≤‡∏Å‡∏Ñ‡∏ô‡πÉ‡∏ô‡∏´‡∏°‡∏π‡πà‡∏ö‡πâ‡∏≤‡∏ô‡∏ï‡∏≥‡∏ö‡∏•‡πÄ‡∏î‡∏µ‡∏¢‡∏ß‡∏Å‡∏±‡∏ô‡πÅ‡∏ï‡πà‡∏°‡∏±‡∏ô‡πÄ‡∏õ‡πá‡∏ô‡∏ö‡πâ‡∏≤‡∏ô‡πÄ‡∏•‡∏Ç‡∏ó‡∏µ‡πà ‡∏ó‡∏±‡∏ö‡∏à‡∏≤‡∏Å‡∏ö‡πâ‡∏≤‡∏ô‡∏Ñ‡∏ô‡∏≠‡∏∑‡πà‡∏ô‡∏ó‡∏µ‡πà‡πÑ‡∏°‡πà‡∏Ñ‡πà‡∏≠‡∏¢‡∏ñ‡∏π‡∏Å‡∏Å‡∏±‡∏ô ‡∏à‡∏∞‡∏ï‡πâ‡∏≠‡∏á‡∏ö‡∏≠‡∏Å‡πÄ‡∏à‡πâ‡∏≤‡∏´‡∏ô‡πâ‡∏≤‡∏ó‡∏µ‡πà‡∏ó‡∏∞‡πÄ‡∏ö‡∏µ‡∏¢‡∏ô‡∏ß‡πà‡∏≤‡∏¢‡∏±‡∏á‡πÑ‡∏á‡∏Ñ‡πà‡∏∞,https://pantip.com/topic/40522099,"Mon, 15 Feb 2021 14:35:58 +0700"
56,‡∏°‡∏µ‡πÄ‡∏á‡∏¥‡∏ô‡πÄ‡∏Ç‡πâ‡∏≤‡∏ö‡∏±‡∏ç‡∏ä‡∏µ‡∏ò‡∏ô‡∏≤‡∏Ñ‡∏≤‡∏£‡∏Å‡∏£‡∏∏‡∏á‡πÄ‡∏ó‡∏û ‡πÄ‡∏ß‡∏•‡∏≤ 03.01 ‡∏à‡∏≥‡∏ô‡∏ß‡∏ô 107774.27 ‡∏ö‡∏≤‡∏ó ‡∏™‡∏á‡∏™‡∏±‡∏¢‡∏ß‡πà‡∏≤‡πÄ‡∏á‡∏¥‡∏ô‡∏≠‡∏∞‡πÑ‡∏£,"‡∏°‡∏µ‡∏£‡∏≤‡∏¢‡∏Å‡∏≤‡∏£‡πÇ‡∏≠‡∏ô‡πÄ‡∏á‡∏¥‡∏ô‡∏ú‡πà‡∏≤‡∏ô SMART 15 ‡∏Å.‡∏û.2564 ‡πÄ‡∏ß‡∏•‡∏≤ 03.01 ‡∏ô. ‡∏à‡∏≥‡∏ô‡∏ß‡∏ô 107,774.27 ‡∏ö‡∏≤‡∏ó ‡πÄ‡∏Ç‡πâ‡∏≤‡∏°‡∏≤‡πÉ‡∏ô‡∏ö‡∏±‡∏ç‡∏ä‡∏µ‡∏ò‡∏ô‡∏≤‡∏Ñ‡∏≤‡∏£‡∏Å‡∏£‡∏∏‡∏á‡πÄ‡∏ó‡∏û ‡∏û‡∏¢‡∏≤‡∏¢‡∏≤‡∏°‡∏ô‡∏∂‡∏Å‡πÉ‡∏´‡πâ‡∏≠‡∏≠‡∏Å‡∏ß‡πà‡∏≤ ‡πÄ‡∏á‡∏¥‡∏ô‡∏≠‡∏∞‡πÑ‡∏£ ‡∏Å‡πá‡∏ô‡∏∂‡∏Å‡πÑ‡∏°‡πà‡∏≠‡∏≠‡∏Å ‡∏Å‡∏£‡∏£‡∏°‡∏ò‡∏£‡∏£‡∏°‡πå‡∏õ‡∏£‡∏∞‡∏Å‡∏±‡∏ô‡∏ä‡∏µ‡∏ß‡∏¥‡∏ï‡∏Å‡πá‡∏¢‡∏±‡∏á‡πÑ‡∏°‡πà‡∏ñ‡∏∂‡∏á‡πÄ‡∏ß‡∏•‡∏≤ ‡∏´‡∏∏‡πâ‡∏ô‡∏Å‡∏π‡πâ ‡∏î‡∏≠‡∏Å‡πÄ‡∏ö‡∏µ‡πâ‡∏¢‡∏Å‡πá‡πÑ‡∏°‡πà‡∏ô‡πà‡∏≤",https://pantip.com/topic/40522098,"Mon, 15 Feb 2021 14:35:52 +0700"
57,RPG Maker MZ ‡∏Å‡∏±‡∏ö MV ‡∏°‡∏µ‡∏Ñ‡∏ß‡∏≤‡∏°‡πÅ‡∏ï‡∏Å‡∏ï‡πà‡∏≤‡∏á‡∏Å‡∏±‡∏ô‡∏¢‡∏±‡∏á‡πÑ‡∏á‡∏ö‡πâ‡∏≤‡∏á‡∏Ñ‡∏∞ ‡∏°‡∏∑‡∏≠‡πÉ‡∏´‡∏°‡πà‡∏Ñ‡∏ß‡∏£‡πÉ‡∏ä‡πâ‡∏ï‡∏±‡∏ß‡πÑ‡∏´‡∏ô‡∏Å‡πà‡∏≠‡∏ô‡∏Ñ‡∏∞,RPG Maker MZ ‡∏Å‡∏±‡∏ö MV ‡∏°‡∏µ‡∏Ñ‡∏ß‡∏≤‡∏°‡πÅ‡∏ï‡∏Å‡∏ï‡πà‡∏≤‡∏á‡∏Å‡∏±‡∏ô‡∏¢‡∏±‡∏á‡πÑ‡∏á‡∏ö‡πâ‡∏≤‡∏á‡∏Ñ‡∏∞ ‡∏°‡∏∑‡∏≠‡πÉ‡∏´‡∏°‡πà‡∏Ñ‡∏ß‡∏£‡πÉ‡∏ä‡πâ‡∏ï‡∏±‡∏ß‡πÑ‡∏´‡∏ô‡∏Å‡πà‡∏≠‡∏ô‡∏Ñ‡∏∞ ‡∏ï‡∏≠‡∏ô‡∏ô‡∏µ‡πâ‡πÄ‡∏£‡∏≤‡πÄ‡∏•‡πá‡∏á‡πÑ‡∏õ‡∏ó‡∏µ‡πà‡∏ï‡∏±‡∏ß MZ ‡∏°‡∏≤‡∏Å‡∏Å‡∏ß‡πà‡∏≤‡πÅ‡∏ï‡πà‡∏à‡∏≤‡∏Å‡∏ó‡∏µ‡πà‡∏≠‡πà‡∏≤‡∏ô‡∏°‡∏≤‡∏´‡∏•‡∏≤‡∏¢‡πÜ‡∏Ñ‡∏ô‡∏ö‡∏≠‡∏Å‡∏ß‡πà‡∏≤‡πÑ‡∏°‡πà‡∏ï‡πà‡∏≤‡∏á‡∏Å‡∏±‡∏ô‡∏°‡∏≤‡∏Å,https://pantip.com/topic/40522097,"Mon, 15 Feb 2021 14:35:31 +0700"
